sensor_Marco-Etcheverry_GP	1997
sensor_Marco-Etcheverry_GS	1997
sensor_Marco-Etcheverry_A	1997
sensor_Marco-Etcheverry_GWA	1997
sensor_Marco-Etcheverry_HmA	1997
sensor_Marco-Etcheverry_RdA	1997
sensor_Marco-Etcheverry_A/90min	1997
sensor_Marco-Etcheverry_GP	1998
sensor_Marco-Etcheverry_GS	1998
sensor_Marco-Etcheverry_A	1998
sensor_Marco-Etcheverry_GWA	1998
sensor_Marco-Etcheverry_HmA	1998
sensor_Marco-Etcheverry_RdA	1998
sensor_Marco-Etcheverry_A/90min	1998
sensor_Marco-Etcheverry_GP	1999
sensor_Marco-Etcheverry_GS	1999
sensor_Marco-Etcheverry_A	1999
sensor_Marco-Etcheverry_GWA	1999
sensor_Marco-Etcheverry_HmA	1999
sensor_Marco-Etcheverry_RdA	1999
sensor_Marco-Etcheverry_A/90min	1999
sensor_Marco-Etcheverry_GS	2000
sensor_Marco-Etcheverry_A	2000
sensor_Marco-Etcheverry_GWA	2000
sensor_Marco-Etcheverry_HmA	2000
sensor_Marco-Etcheverry_RdA	2000
sensor_Marco-Etcheverry_A/90min	2000
sensor_Marco-Etcheverry_GP	2001
sensor_Marco-Etcheverry_GS	2001
sensor_Marco-Etcheverry_A	2001
sensor_Marco-Etcheverry_GWA	2001
sensor_Marco-Etcheverry_RdA	2001
sensor_Marco-Etcheverry_A/90min	2001
sensor_Marco-Etcheverry_GP	2002
sensor_Marco-Etcheverry_A	2002
sensor_Marco-Etcheverry_GWA	2002
sensor_Marco-Etcheverry_HmA	2002
sensor_Marco-Etcheverry_RdA	2002
sensor_Marco-Etcheverry_A/90min	2002
sensor_Marco-Etcheverry_GP	2003
sensor_Marco-Etcheverry_GS	2003
sensor_Marco-Etcheverry_A	2003
sensor_Marco-Etcheverry_GWA	2003
sensor_Marco-Etcheverry_HmA	2003
sensor_Marco-Etcheverry_A/90min	2003
sensor_Carlos-Valderrama_GP	1997
sensor_Carlos-Valderrama_GS	1997
sensor_Carlos-Valderrama_A	1997
sensor_Carlos-Valderrama_RdA	1997
sensor_Carlos-Valderrama_A/90min	1997
sensor_Carlos-Valderrama_Club	1998
sensor_Carlos-Valderrama_GP	1998
sensor_Carlos-Valderrama_GS	1998
sensor_Carlos-Valderrama_A	1998
sensor_Carlos-Valderrama_GWA	1998
sensor_Carlos-Valderrama_HmA	1998
sensor_Carlos-Valderrama_RdA	1998
sensor_Carlos-Valderrama_A/90min	1998
sensor_Carlos-Valderrama_GP	1999
sensor_Carlos-Valderrama_GS	1999
sensor_Carlos-Valderrama_A	1999
sensor_Carlos-Valderrama_HmA	1999
sensor_Carlos-Valderrama_RdA	1999
sensor_Carlos-Valderrama_A/90min	1999
sensor_Carlos-Valderrama_Club	2000
sensor_Carlos-Valderrama_GP	2000
sensor_Carlos-Valderrama_GS	2000
sensor_Carlos-Valderrama_A	2000
sensor_Carlos-Valderrama_GWA	2000
sensor_Carlos-Valderrama_HmA	2000
sensor_Carlos-Valderrama_RdA	2000
sensor_Carlos-Valderrama_A/90min	2000
sensor_Carlos-Valderrama_Club	2001
sensor_Carlos-Valderrama_GP	2001
sensor_Carlos-Valderrama_GS	2001
sensor_Carlos-Valderrama_A	2001
sensor_Carlos-Valderrama_GWA	2001
sensor_Carlos-Valderrama_HmA	2001
sensor_Carlos-Valderrama_RdA	2001
sensor_Carlos-Valderrama_A/90min	2001
sensor_Carlos-Valderrama_GP	2002
sensor_Carlos-Valderrama_GS	2002
sensor_Carlos-Valderrama_A	2002
sensor_Carlos-Valderrama_GWA	2002
sensor_Carlos-Valderrama_HmA	2002
sensor_Carlos-Valderrama_RdA	2002
sensor_Carlos-Valderrama_A/90min	2002
sensor_Eric-Wynalda_GP	1997
sensor_Eric-Wynalda_GS	1997
sensor_Eric-Wynalda_A	1997
sensor_Eric-Wynalda_HmA	1997
sensor_Eric-Wynalda_A/90min	1997
sensor_Eric-Wynalda_GP	1998
sensor_Eric-Wynalda_GS	1998
sensor_Eric-Wynalda_A	1998
sensor_Eric-Wynalda_GWA	1998
sensor_Eric-Wynalda_HmA	1998
sensor_Eric-Wynalda_RdA	1998
sensor_Eric-Wynalda_A/90min	1998
sensor_Eric-Wynalda_Club	1999
sensor_Eric-Wynalda_GP	1999
sensor_Eric-Wynalda_GS	1999
sensor_Eric-Wynalda_A	1999
sensor_Eric-Wynalda_HmA	1999
sensor_Eric-Wynalda_RdA	1999
sensor_Eric-Wynalda_A/90min	1999
sensor_Eric-Wynalda_GP	2000
sensor_Eric-Wynalda_A	2000
sensor_Eric-Wynalda_RdA	2000
sensor_Eric-Wynalda_A/90min	2000
sensor_Eric-Wynalda_Club	2001
sensor_Eric-Wynalda_GP	2001
sensor_Eric-Wynalda_GS	2001
sensor_Eric-Wynalda_A	2001
sensor_Eric-Wynalda_GWA	2001
sensor_Eric-Wynalda_HmA	2001
sensor_Eric-Wynalda_RdA	2001
sensor_Eric-Wynalda_A/90min	2001
sensor_Preki_GP	1997
sensor_Preki_GS	1997
sensor_Preki_A	1997
sensor_Preki_GWA	1997
sensor_Preki_HmA	1997
sensor_Preki_RdA	1997
sensor_Preki_A/90min	1997
sensor_Preki_GP	1998
sensor_Preki_GS	1998
sensor_Preki_A	1998
sensor_Preki_GWA	1998
sensor_Preki_HmA	1998
sensor_Preki_RdA	1998
sensor_Preki_A/90min	1998
sensor_Preki_GP	1999
sensor_Preki_GS	1999
sensor_Preki_A	1999
sensor_Preki_GWA	1999
sensor_Preki_RdA	1999
sensor_Preki_A/90min	1999
sensor_Preki_GP	2000
sensor_Preki_GS	2000
sensor_Preki_A	2000
sensor_Preki_GWA	2000
sensor_Preki_HmA	2000
sensor_Preki_A/90min	2000
sensor_Preki_Club	2001
sensor_Preki_GP	2001
sensor_Preki_GS	2001
sensor_Preki_A	2001
sensor_Preki_GWA	2001
sensor_Preki_HmA	2001
sensor_Preki_RdA	2001
sensor_Preki_A/90min	2001
sensor_Preki_Club	2002
sensor_Preki_GP	2002
sensor_Preki_A	2002
sensor_Preki_GWA	2002
sensor_Preki_HmA	2002
sensor_Preki_RdA	2002
sensor_Preki_A/90min	2002
sensor_Preki_GP	2003
sensor_Preki_GS	2003
sensor_Preki_A	2003
sensor_Preki_GWA	2003
sensor_Preki_HmA	2003
sensor_Preki_RdA	2003
sensor_Preki_A/90min	2003
sensor_Preki_GP	2004
sensor_Preki_GS	2004
sensor_Preki_A	2004
sensor_Preki_GWA	2004
sensor_Preki_HmA	2004
sensor_Preki_RdA	2004
sensor_Preki_A/90min	2004
sensor_Preki_GP	2005
sensor_Preki_GS	2005
sensor_Preki_A	2005
sensor_Preki_GWA	2005
sensor_Preki_HmA	2005
sensor_Preki_A/90min	2005
sensor_Robert-Warzycha_GP	1997
sensor_Robert-Warzycha_GS	1997
sensor_Robert-Warzycha_HmA	1997
sensor_Robert-Warzycha_RdA	1997
sensor_Robert-Warzycha_A/90min	1997
sensor_Robert-Warzycha_GP	1998
sensor_Robert-Warzycha_GS	1998
sensor_Robert-Warzycha_A	1998
sensor_Robert-Warzycha_GWA	1998
sensor_Robert-Warzycha_HmA	1998
sensor_Robert-Warzycha_RdA	1998
sensor_Robert-Warzycha_A/90min	1998
sensor_Robert-Warzycha_GP	1999
sensor_Robert-Warzycha_GS	1999
sensor_Robert-Warzycha_A	1999
sensor_Robert-Warzycha_GWA	1999
sensor_Robert-Warzycha_RdA	1999
sensor_Robert-Warzycha_A/90min	1999
sensor_Robert-Warzycha_GP	2000
sensor_Robert-Warzycha_GS	2000
sensor_Robert-Warzycha_A	2000
sensor_Robert-Warzycha_GWA	2000
sensor_Robert-Warzycha_HmA	2000
sensor_Robert-Warzycha_RdA	2000
sensor_Robert-Warzycha_A/90min	2000
sensor_Robert-Warzycha_GP	2001
sensor_Robert-Warzycha_GS	2001
sensor_Robert-Warzycha_A	2001
sensor_Robert-Warzycha_GWA	2001
sensor_Robert-Warzycha_HmA	2001
sensor_Robert-Warzycha_RdA	2001
sensor_Robert-Warzycha_A/90min	2001
sensor_Robert-Warzycha_GP	2002
sensor_Robert-Warzycha_GS	2002
sensor_Robert-Warzycha_GWA	2002
sensor_Robert-Warzycha_HmA	2002
sensor_Robert-Warzycha_RdA	2002
sensor_Robert-Warzycha_A/90min	2002
sensor_Mauricio-Cienfuegos_GP	1997
sensor_Mauricio-Cienfuegos_GS	1997
sensor_Mauricio-Cienfuegos_A	1997
sensor_Mauricio-Cienfuegos_GWA	1997
sensor_Mauricio-Cienfuegos_HmA	1997
sensor_Mauricio-Cienfuegos_RdA	1997
sensor_Mauricio-Cienfuegos_A/90min	1997
sensor_Mauricio-Cienfuegos_GP	1998
sensor_Mauricio-Cienfuegos_GS	1998
sensor_Mauricio-Cienfuegos_A	1998
sensor_Mauricio-Cienfuegos_GWA	1998
sensor_Mauricio-Cienfuegos_HmA	1998
sensor_Mauricio-Cienfuegos_RdA	1998
sensor_Mauricio-Cienfuegos_GS	1999
sensor_Mauricio-Cienfuegos_A	1999
sensor_Mauricio-Cienfuegos_GWA	1999
sensor_Mauricio-Cienfuegos_RdA	1999
sensor_Mauricio-Cienfuegos_A/90min	1999
sensor_Mauricio-Cienfuegos_GP	2000
sensor_Mauricio-Cienfuegos_GS	2000
sensor_Mauricio-Cienfuegos_A	2000
sensor_Mauricio-Cienfuegos_GWA	2000
sensor_Mauricio-Cienfuegos_HmA	2000
sensor_Mauricio-Cienfuegos_RdA	2000
sensor_Mauricio-Cienfuegos_A/90min	2000
sensor_Mauricio-Cienfuegos_GP	2001
sensor_Mauricio-Cienfuegos_GS	2001
sensor_Mauricio-Cienfuegos_GWA	2001
sensor_Mauricio-Cienfuegos_HmA	2001
sensor_Mauricio-Cienfuegos_RdA	2001
sensor_Mauricio-Cienfuegos_A/90min	2001
sensor_Mauricio-Cienfuegos_GP	2002
sensor_Mauricio-Cienfuegos_GS	2002
sensor_Mauricio-Cienfuegos_A	2002
sensor_Mauricio-Cienfuegos_GWA	2002
sensor_Mauricio-Cienfuegos_RdA	2002
sensor_Mauricio-Cienfuegos_A/90min	2002
sensor_Mauricio-Cienfuegos_GP	2003
sensor_Mauricio-Cienfuegos_GS	2003
sensor_Mauricio-Cienfuegos_A	2003
sensor_Mauricio-Cienfuegos_GWA	2003
sensor_Mauricio-Cienfuegos_HmA	2003
sensor_Mauricio-Cienfuegos_RdA	2003
sensor_Mauricio-Cienfuegos_A/90min	2003
sensor_Adrian-Paz_Club	1997
sensor_Adrian-Paz_GP	1997
sensor_Adrian-Paz_GS	1997
sensor_Adrian-Paz_A	1997
sensor_Adrian-Paz_GWA	1997
sensor_Adrian-Paz_RdA	1997
sensor_Adrian-Paz_A/90min	1997
sensor_Adrian-Paz_GP	1998
sensor_Adrian-Paz_GS	1998
sensor_Adrian-Paz_A	1998
sensor_Adrian-Paz_GWA	1998
sensor_Adrian-Paz_HmA	1998
sensor_Adrian-Paz_RdA	1998
sensor_Adrian-Paz_A/90min	1998
sensor_Tab-Ramos_GP	1997
sensor_Tab-Ramos_GS	1997
sensor_Tab-Ramos_A	1997
sensor_Tab-Ramos_GWA	1997
sensor_Tab-Ramos_HmA	1997
sensor_Tab-Ramos_RdA	1997
sensor_Tab-Ramos_A/90min	1997
sensor_Tab-Ramos_GP	1998
sensor_Tab-Ramos_GS	1998
sensor_Tab-Ramos_A	1998
sensor_Tab-Ramos_GWA	1998
sensor_Tab-Ramos_RdA	1998
sensor_Tab-Ramos_A/90min	1998
sensor_Tab-Ramos_GP	1999
sensor_Tab-Ramos_GS	1999
sensor_Tab-Ramos_A	1999
sensor_Tab-Ramos_HmA	1999
sensor_Tab-Ramos_RdA	1999
sensor_Tab-Ramos_A/90min	1999
sensor_Tab-Ramos_GP	2000
sensor_Tab-Ramos_GS	2000
sensor_Tab-Ramos_A	2000
sensor_Tab-Ramos_GWA	2000
sensor_Tab-Ramos_HmA	2000
sensor_Tab-Ramos_RdA	2000
sensor_Tab-Ramos_A/90min	2000
sensor_Tab-Ramos_GP	2001
sensor_Tab-Ramos_GS	2001
sensor_Tab-Ramos_A	2001
sensor_Tab-Ramos_GWA	2001
sensor_Tab-Ramos_RdA	2001
sensor_Tab-Ramos_A/90min	2001
sensor_Tab-Ramos_GP	2002
sensor_Tab-Ramos_GS	2002
sensor_Tab-Ramos_A	2002
sensor_Tab-Ramos_GWA	2002
sensor_Tab-Ramos_HmA	2002
sensor_Tab-Ramos_A/90min	2002
sensor_Mark-Chung_A	1997
sensor_Mark-Chung_GWA	1997
sensor_Mark-Chung_HmA	1997
sensor_Mark-Chung_A/90min	1997
sensor_Mark-Chung_GP	1998
sensor_Mark-Chung_GS	1998
sensor_Mark-Chung_GWA	1998
sensor_Mark-Chung_HmA	1998
sensor_Mark-Chung_RdA	1998
sensor_Mark-Chung_A/90min	1998
sensor_Mark-Chung_Club	1999
sensor_Mark-Chung_GP	1999
sensor_Mark-Chung_GS	1999
sensor_Mark-Chung_A	1999
sensor_Mark-Chung_GWA	1999
sensor_Mark-Chung_HmA	1999
sensor_Mark-Chung_RdA	1999
sensor_Mark-Chung_A/90min	1999
sensor_Mark-Chung_GP	2000
sensor_Mark-Chung_GS	2000
sensor_Mark-Chung_A	2000
sensor_Mark-Chung_GWA	2000
sensor_Mark-Chung_HmA	2000
sensor_Mark-Chung_RdA	2000
sensor_Mark-Chung_A/90min	2000
sensor_Mark-Chung_GP	2001
sensor_Mark-Chung_GS	2001
sensor_Mark-Chung_A	2001
sensor_Mark-Chung_GWA	2001
sensor_Mark-Chung_HmA	2001
sensor_Mark-Chung_RdA	2001
sensor_Mark-Chung_A/90min	2001
sensor_Mark-Chung_Club	2002
sensor_Mark-Chung_GP	2002
sensor_Mark-Chung_GS	2002
sensor_Mark-Chung_A	2002
sensor_Mark-Chung_HmA	2002
sensor_Mark-Chung_A/90min	2002
sensor_Mark-Chung_GP	2003
sensor_Mark-Chung_GS	2003
sensor_Mark-Chung_A	2003
sensor_Mark-Chung_GWA	2003
sensor_Mark-Chung_HmA	2003
sensor_Mark-Chung_RdA	2003
sensor_Mark-Chung_A/90min	2003
sensor_Mark-Chung_GP	2004
sensor_Mark-Chung_GS	2004
sensor_Mark-Chung_A	2004
sensor_Mark-Chung_GWA	2004
sensor_Mark-Chung_HmA	2004
sensor_Mark-Chung_A/90min	2004
sensor_Mark-Chung_GP	2005
sensor_Mark-Chung_GS	2005
sensor_Mark-Chung_A	2005
sensor_Mark-Chung_GWA	2005
sensor_Mark-Chung_HmA	2005
sensor_Mark-Chung_RdA	2005
sensor_Mark-Chung_A/90min	2005
sensor_Roberto-Donadoni_GP	1997
sensor_Roberto-Donadoni_GS	1997
sensor_Roberto-Donadoni_A	1997
sensor_Roberto-Donadoni_RdA	1997
sensor_Roberto-Donadoni_A/90min	1997
sensor_Giuseppe-Galderisi_GP	1997
sensor_Giuseppe-Galderisi_GWA	1997
sensor_Giuseppe-Galderisi_HmA	1997
sensor_Giuseppe-Galderisi_RdA	1997
sensor_Giuseppe-Galderisi_A/90min	1997
sensor_Tony-Sanneh_GP	1997
sensor_Tony-Sanneh_GS	1997
sensor_Tony-Sanneh_A	1997
sensor_Tony-Sanneh_GWA	1997
sensor_Tony-Sanneh_HmA	1997
sensor_Tony-Sanneh_RdA	1997
sensor_Tony-Sanneh_A/90min	1997
sensor_Tony-Sanneh_GP	1998
sensor_Tony-Sanneh_GS	1998
sensor_Tony-Sanneh_A	1998
sensor_Tony-Sanneh_GWA	1998
sensor_Tony-Sanneh_RdA	1998
sensor_Tony-Sanneh_A/90min	1998
sensor_Tony-Sanneh_Club	2004
sensor_Tony-Sanneh_GP	2004
sensor_Tony-Sanneh_GS	2004
sensor_Tony-Sanneh_A	2004
sensor_Tony-Sanneh_GWA	2004
sensor_Tony-Sanneh_HmA	2004
sensor_Tony-Sanneh_RdA	2004
sensor_Tony-Sanneh_A/90min	2004
sensor_Tony-Sanneh_Club	2005
sensor_Tony-Sanneh_GP	2005
sensor_Tony-Sanneh_GS	2005
sensor_Tony-Sanneh_A/90min	2005
sensor_Tony-Sanneh_GP	2006
sensor_Tony-Sanneh_GS	2006
sensor_Tony-Sanneh_A/90min	2006
sensor_Tony-Sanneh_Club	2007
sensor_Tony-Sanneh_GP	2007
sensor_Tony-Sanneh_GS	2007
sensor_Tony-Sanneh_A	2007
sensor_Tony-Sanneh_HmA	2007
sensor_Tony-Sanneh_A/90min	2007
sensor_Billy-Thompson_GP	1997
sensor_Billy-Thompson_GS	1997
sensor_Billy-Thompson_A	1997
sensor_Billy-Thompson_GWA	1997
sensor_Billy-Thompson_HmA	1997
sensor_Billy-Thompson_RdA	1997
sensor_Billy-Thompson_A/90min	1997
sensor_Billy-Thompson_GP	1998
sensor_Billy-Thompson_GS	1998
sensor_Billy-Thompson_A	1998
sensor_Billy-Thompson_GWA	1998
sensor_Billy-Thompson_HmA	1998
sensor_Billy-Thompson_RdA	1998
sensor_Billy-Thompson_A/90min	1998
sensor_Billy-Thompson_GP	1999
sensor_Billy-Thompson_GS	1999
sensor_Billy-Thompson_A	1999
sensor_Billy-Thompson_GWA	1999
sensor_Billy-Thompson_HmA	1999
sensor_Billy-Thompson_RdA	1999
sensor_Billy-Thompson_A/90min	1999
sensor_Ben-Iroha_Club	1997
sensor_Ben-Iroha_GP	1997
sensor_Ben-Iroha_GS	1997
sensor_Ben-Iroha_A	1997
sensor_Ben-Iroha_GWA	1997
sensor_Ben-Iroha_RdA	1997
sensor_Ben-Iroha_A/90min	1997
sensor_John-Harkes_GP	1997
sensor_John-Harkes_GS	1997
sensor_John-Harkes_A	1997
sensor_John-Harkes_GWA	1997
sensor_John-Harkes_HmA	1997
sensor_John-Harkes_RdA	1997
sensor_John-Harkes_A/90min	1997
sensor_John-Harkes_GP	1998
sensor_John-Harkes_GS	1998
sensor_John-Harkes_A	1998
sensor_John-Harkes_GWA	1998
sensor_John-Harkes_RdA	1998
sensor_John-Harkes_A/90min	1998
sensor_John-Harkes_Club	1999
sensor_John-Harkes_GP	1999
sensor_John-Harkes_GS	1999
sensor_John-Harkes_A	1999
sensor_John-Harkes_GWA	1999
sensor_John-Harkes_HmA	1999
sensor_John-Harkes_RdA	1999
sensor_John-Harkes_A/90min	1999
sensor_John-Harkes_GP	2000
sensor_John-Harkes_GS	2000
sensor_John-Harkes_A	2000
sensor_John-Harkes_GWA	2000
sensor_John-Harkes_HmA	2000
sensor_John-Harkes_RdA	2000
sensor_John-Harkes_A/90min	2000
sensor_John-Harkes_Club	2001
sensor_John-Harkes_GP	2001
sensor_John-Harkes_GS	2001
sensor_John-Harkes_A	2001
sensor_John-Harkes_HmA	2001
sensor_John-Harkes_RdA	2001
sensor_John-Harkes_A/90min	2001
sensor_John-Harkes_GP	2002
sensor_John-Harkes_GS	2002
sensor_John-Harkes_A	2002
sensor_John-Harkes_GWA	2002
sensor_John-Harkes_RdA	2002
sensor_John-Harkes_A/90min	2002
sensor_Chris-Henderson_GP	1997
sensor_Chris-Henderson_A	1997
sensor_Chris-Henderson_GWA	1997
sensor_Chris-Henderson_HmA	1997
sensor_Chris-Henderson_RdA	1997
sensor_Chris-Henderson_A/90min	1997
sensor_Chris-Henderson_GP	1998
sensor_Chris-Henderson_GS	1998
sensor_Chris-Henderson_A	1998
sensor_Chris-Henderson_GWA	1998
sensor_Chris-Henderson_HmA	1998
sensor_Chris-Henderson_A/90min	1998
sensor_Chris-Henderson_Club	1999
sensor_Chris-Henderson_GP	1999
sensor_Chris-Henderson_GS	1999
sensor_Chris-Henderson_A	1999
sensor_Chris-Henderson_GWA	1999
sensor_Chris-Henderson_RdA	1999
sensor_Chris-Henderson_A/90min	1999
sensor_Chris-Henderson_GP	2000
sensor_Chris-Henderson_GS	2000
sensor_Chris-Henderson_A	2000
sensor_Chris-Henderson_GWA	2000
sensor_Chris-Henderson_HmA	2000
sensor_Chris-Henderson_RdA	2000
sensor_Chris-Henderson_A/90min	2000
sensor_Chris-Henderson_Club	2001
sensor_Chris-Henderson_GP	2001
sensor_Chris-Henderson_GS	2001
sensor_Chris-Henderson_A	2001
sensor_Chris-Henderson_GWA	2001
sensor_Chris-Henderson_HmA	2001
sensor_Chris-Henderson_A/90min	2001
sensor_Chris-Henderson_Club	2002
sensor_Chris-Henderson_GP	2002
sensor_Chris-Henderson_GS	2002
sensor_Chris-Henderson_A	2002
sensor_Chris-Henderson_GWA	2002
sensor_Chris-Henderson_RdA	2002
sensor_Chris-Henderson_A/90min	2002
sensor_Chris-Henderson_GP	2003
sensor_Chris-Henderson_GS	2003
sensor_Chris-Henderson_A	2003
sensor_Chris-Henderson_RdA	2003
sensor_Chris-Henderson_A/90min	2003
sensor_Chris-Henderson_GP	2004
sensor_Chris-Henderson_GS	2004
sensor_Chris-Henderson_A	2004
sensor_Chris-Henderson_HmA	2004
sensor_Chris-Henderson_A/90min	2004
sensor_Chris-Henderson_Club	2005
sensor_Chris-Henderson_A	2005
sensor_Chris-Henderson_RdA	2005
sensor_Chris-Henderson_A/90min	2005
sensor_Chris-Henderson_Club	2006
sensor_Chris-Henderson_GP	2006
sensor_Chris-Henderson_A	2006
sensor_Chris-Henderson_GWA	2006
sensor_Chris-Henderson_HmA	2006
sensor_Chris-Henderson_RdA	2006
sensor_Chris-Henderson_A/90min	2006
sensor_Gerell-Elliott_GP	1997
sensor_Gerell-Elliott_GS	1997
sensor_Gerell-Elliott_A	1997
sensor_Gerell-Elliott_GWA	1997
sensor_Gerell-Elliott_HmA	1997
sensor_Gerell-Elliott_RdA	1997
sensor_Gerell-Elliott_A/90min	1997
sensor_Gerell-Elliott_GP	1998
sensor_Gerell-Elliott_GS	1998
sensor_Gerell-Elliott_A	1998
sensor_Gerell-Elliott_HmA	1998
sensor_Gerell-Elliott_RdA	1998
sensor_Gerell-Elliott_A/90min	1998
sensor_Alberto-Naveda_GP	1997
sensor_Alberto-Naveda_GS	1997
sensor_Alberto-Naveda_A	1997
sensor_Alberto-Naveda_GWA	1997
sensor_Alberto-Naveda_HmA	1997
sensor_Alberto-Naveda_A/90min	1997
sensor_Vitalis-Takawira_GS	1997
sensor_Vitalis-Takawira_GWA	1997
sensor_Vitalis-Takawira_HmA	1997
sensor_Vitalis-Takawira_RdA	1997
sensor_Vitalis-Takawira_A/90min	1997
sensor_Vitalis-Takawira_GP	1998
sensor_Vitalis-Takawira_GS	1998
sensor_Vitalis-Takawira_A	1998
sensor_Vitalis-Takawira_HmA	1998
sensor_Vitalis-Takawira_RdA	1998
sensor_Vitalis-Takawira_A/90min	1998
sensor_Vitalis-Takawira_GP	1999
sensor_Vitalis-Takawira_GS	1999
sensor_Vitalis-Takawira_A	1999
sensor_Vitalis-Takawira_GWA	1999
sensor_Vitalis-Takawira_RdA	1999
sensor_Vitalis-Takawira_A/90min	1999
sensor_Shaun-Bartlett_GP	1997
sensor_Shaun-Bartlett_GS	1997
sensor_Shaun-Bartlett_A	1997
sensor_Shaun-Bartlett_GWA	1997
sensor_Shaun-Bartlett_HmA	1997
sensor_Shaun-Bartlett_RdA	1997
sensor_Shaun-Bartlett_A/90min	1997
sensor_Eduardo-Hurtado_GP	1997
sensor_Eduardo-Hurtado_GS	1997
sensor_Eduardo-Hurtado_A	1997
sensor_Eduardo-Hurtado_HmA	1997
sensor_Eduardo-Hurtado_RdA	1997
sensor_Eduardo-Hurtado_A/90min	1997
sensor_Eduardo-Hurtado_GP	1998
sensor_Eduardo-Hurtado_GS	1998
sensor_Eduardo-Hurtado_A	1998
sensor_Eduardo-Hurtado_GWA	1998
sensor_Eduardo-Hurtado_HmA	1998
sensor_Eduardo-Hurtado_RdA	1998
sensor_Eduardo-Hurtado_A/90min	1998
sensor_Eduardo-Hurtado_Club	1999
sensor_Eduardo-Hurtado_GP	1999
sensor_Eduardo-Hurtado_GS	1999
sensor_Eduardo-Hurtado_A	1999
sensor_Eduardo-Hurtado_GWA	1999
sensor_Eduardo-Hurtado_HmA	1999
sensor_Eduardo-Hurtado_RdA	1999
sensor_Eduardo-Hurtado_A/90min	1999
sensor_Eduardo-Hurtado_Club	2000
sensor_Eduardo-Hurtado_GP	2000
sensor_Eduardo-Hurtado_GS	2000
sensor_Eduardo-Hurtado_A	2000
sensor_Eduardo-Hurtado_GWA	2000
sensor_Eduardo-Hurtado_HmA	2000
sensor_Eduardo-Hurtado_RdA	2000
sensor_Eduardo-Hurtado_A/90min	2000
sensor_Diego-Sonora_GP	1997
sensor_Diego-Sonora_GS	1997
sensor_Diego-Sonora_A	1997
sensor_Diego-Sonora_HmA	1997
sensor_Diego-Sonora_RdA	1997
sensor_Diego-Sonora_A/90min	1997
sensor_Diego-Sonora_Club	1998
sensor_Diego-Sonora_GP	1998
sensor_Diego-Sonora_GS	1998
sensor_Diego-Sonora_A	1998
sensor_Diego-Sonora_HmA	1998
sensor_Diego-Sonora_A/90min	1998
sensor_Diego-Sonora_Club	1999
sensor_Diego-Sonora_GP	1999
sensor_Diego-Sonora_GS	1999
sensor_Diego-Sonora_A	1999
sensor_Diego-Sonora_GWA	1999
sensor_Diego-Sonora_HmA	1999
sensor_Diego-Sonora_RdA	1999
sensor_Diego-Sonora_A/90min	1999
sensor_Diego-Sonora_Club	2001
sensor_Diego-Sonora_GP	2001
sensor_Diego-Sonora_GS	2001
sensor_Diego-Sonora_A	2001
sensor_Diego-Sonora_HmA	2001
sensor_Diego-Sonora_RdA	2001
sensor_Diego-Sonora_A/90min	2001
sensor_Roy-Wegerle_GP	1997
sensor_Roy-Wegerle_GS	1997
sensor_Roy-Wegerle_A	1997
sensor_Roy-Wegerle_GWA	1997
sensor_Roy-Wegerle_RdA	1997
sensor_Roy-Wegerle_A/90min	1997
sensor_Roy-Wegerle_Club	1998
sensor_Roy-Wegerle_GP	1998
sensor_Roy-Wegerle_GS	1998
sensor_Roy-Wegerle_A	1998
sensor_Roy-Wegerle_RdA	1998
sensor_Roy-Wegerle_A/90min	1998
sensor_Ted-Eck_GP	1997
sensor_Ted-Eck_GS	1997
sensor_Ted-Eck_A	1997
sensor_Ted-Eck_GWA	1997
sensor_Ted-Eck_HmA	1997
sensor_Ted-Eck_RdA	1997
sensor_Ted-Eck_A/90min	1997
sensor_Ted-Eck_GP	1998
sensor_Ted-Eck_GS	1998
sensor_Ted-Eck_A	1998
sensor_Ted-Eck_RdA	1998
sensor_Ted-Eck_A/90min	1998
sensor_Ted-Eck_GS	1999
sensor_Ted-Eck_A	1999
sensor_Ted-Eck_GWA	1999
sensor_Ted-Eck_HmA	1999
sensor_Ted-Eck_RdA	1999
sensor_Ted-Eck_A/90min	1999
sensor_Ted-Eck_GP	2000
sensor_Ted-Eck_GS	2000
sensor_Ted-Eck_A	2000
sensor_Ted-Eck_GWA	2000
sensor_Ted-Eck_HmA	2000
sensor_Ted-Eck_RdA	2000
sensor_Ted-Eck_A/90min	2000
sensor_Ted-Eck_GP	2001
sensor_Ted-Eck_GS	2001
sensor_Ted-Eck_A	2001
sensor_Ted-Eck_GWA	2001
sensor_Ted-Eck_HmA	2001
sensor_Ted-Eck_RdA	2001
sensor_Ted-Eck_A/90min	2001
sensor_Welton_Club	1997
sensor_Welton_GS	1997
sensor_Welton_A	1997
sensor_Welton_GWA	1997
sensor_Welton_HmA	1997
sensor_Welton_RdA	1997
sensor_Welton_A/90min	1997
sensor_Welton_GP	1998
sensor_Welton_GS	1998
sensor_Welton_A	1998
sensor_Welton_GWA	1998
sensor_Welton_HmA	1998
sensor_Welton_RdA	1998
sensor_Welton_A/90min	1998
sensor_Welton_GP	1999
sensor_Welton_GS	1999
sensor_Welton_A	1999
sensor_Welton_GWA	1999
sensor_Welton_HmA	1999
sensor_Welton_RdA	1999
sensor_Welton_A/90min	1999
sensor_Welton_Club	2000
sensor_Welton_GP	2000
sensor_Welton_GS	2000
sensor_Welton_HmA	2000
sensor_Welton_RdA	2000
sensor_Welton_A/90min	2000
sensor_Mike-Sorber_Club	1997
sensor_Mike-Sorber_GP	1997
sensor_Mike-Sorber_GS	1997
sensor_Mike-Sorber_A	1997
sensor_Mike-Sorber_GWA	1997
sensor_Mike-Sorber_HmA	1997
sensor_Mike-Sorber_RdA	1997
sensor_Mike-Sorber_A/90min	1997
sensor_Mike-Sorber_GP	1998
sensor_Mike-Sorber_GS	1998
sensor_Mike-Sorber_A	1998
sensor_Mike-Sorber_GWA	1998
sensor_Mike-Sorber_HmA	1998
sensor_Mike-Sorber_RdA	1998
sensor_Mike-Sorber_A/90min	1998
sensor_Mike-Sorber_GP	1999
sensor_Mike-Sorber_A	1999
sensor_Mike-Sorber_GWA	1999
sensor_Mike-Sorber_HmA	1999
sensor_Mike-Sorber_A/90min	1999
sensor_Mike-Sorber_Club	2000
sensor_Mike-Sorber_GP	2000
sensor_Mike-Sorber_GS	2000
sensor_Mike-Sorber_A	2000
sensor_Mike-Sorber_GWA	2000
sensor_Mike-Sorber_HmA	2000
sensor_Mike-Sorber_RdA	2000
sensor_Mike-Sorber_A/90min	2000
sensor_Ivan-McKinley_Club	1997
sensor_Ivan-McKinley_GS	1997
sensor_Ivan-McKinley_A	1997
sensor_Ivan-McKinley_GWA	1997
sensor_Ivan-McKinley_HmA	1997
sensor_Ivan-McKinley_A/90min	1997
sensor_Ivan-McKinley_GP	1998
sensor_Ivan-McKinley_GS	1998
sensor_Ivan-McKinley_A	1998
sensor_Ivan-McKinley_GWA	1998
sensor_Ivan-McKinley_HmA	1998
sensor_Ivan-McKinley_RdA	1998
sensor_Ivan-McKinley_A/90min	1998
sensor_Ivan-McKinley_GP	1999
sensor_Ivan-McKinley_GS	1999
sensor_Ivan-McKinley_A	1999
sensor_Ivan-McKinley_GWA	1999
sensor_Ivan-McKinley_HmA	1999
sensor_Ivan-McKinley_RdA	1999
sensor_Ivan-McKinley_A/90min	1999
sensor_Ivan-McKinley_Club	2000
sensor_Ivan-McKinley_GP	2000
sensor_Ivan-McKinley_GS	2000
sensor_Ivan-McKinley_A	2000
sensor_Ivan-McKinley_GWA	2000
sensor_Ivan-McKinley_HmA	2000
sensor_Ivan-McKinley_A/90min	2000
sensor_Ivan-McKinley_GP	2001
sensor_Ivan-McKinley_GS	2001
sensor_Ivan-McKinley_A	2001
sensor_Ivan-McKinley_GWA	2001
sensor_Ivan-McKinley_HmA	2001
sensor_Ivan-McKinley_A/90min	2001
sensor_Ivan-McKinley_Club	2002
sensor_Ivan-McKinley_GP	2002
sensor_Ivan-McKinley_GS	2002
sensor_Ivan-McKinley_A/90min	2002
sensor_Steve-Pittman_Club	1997
sensor_Steve-Pittman_GS	1997
sensor_Steve-Pittman_A	1997
sensor_Steve-Pittman_GWA	1997
sensor_Steve-Pittman_HmA	1997
sensor_Steve-Pittman_RdA	1997
sensor_Steve-Pittman_A/90min	1997
sensor_John-Doyle_GP	1997
sensor_John-Doyle_GS	1997
sensor_John-Doyle_A	1997
sensor_John-Doyle_GWA	1997
sensor_John-Doyle_HmA	1997
sensor_John-Doyle_A/90min	1997
sensor_John-Doyle_GP	1998
sensor_John-Doyle_A	1998
sensor_John-Doyle_GWA	1998
sensor_John-Doyle_HmA	1998
sensor_John-Doyle_RdA	1998
sensor_John-Doyle_A/90min	1998
sensor_John-Doyle_GP	1999
sensor_John-Doyle_GS	1999
sensor_John-Doyle_A	1999
sensor_John-Doyle_HmA	1999
sensor_John-Doyle_A/90min	1999
sensor_John-Doyle_GP	2000
sensor_John-Doyle_GS	2000
sensor_John-Doyle_A	2000
sensor_John-Doyle_HmA	2000
sensor_John-Doyle_RdA	2000
sensor_John-Doyle_A/90min	2000
sensor_Martin-Vasquez_GP	1997
sensor_Martin-Vasquez_GS	1997
sensor_Martin-Vasquez_A	1997
sensor_Martin-Vasquez_HmA	1997
sensor_Martin-Vasquez_RdA	1997
sensor_Martin-Vasquez_A/90min	1997
sensor_Martin-Vasquez_Club	1998
sensor_Martin-Vasquez_GS	1998
sensor_Martin-Vasquez_A	1998
sensor_Martin-Vasquez_GWA	1998
sensor_Martin-Vasquez_RdA	1998
sensor_Martin-Vasquez_A/90min	1998
sensor_Darren-Sawatzky_GP	1997
sensor_Darren-Sawatzky_GS	1997
sensor_Darren-Sawatzky_A	1997
sensor_Darren-Sawatzky_GWA	1997
sensor_Darren-Sawatzky_HmA	1997
sensor_Darren-Sawatzky_RdA	1997
sensor_Darren-Sawatzky_A/90min	1997
sensor_Darren-Sawatzky_Club	1998
sensor_Darren-Sawatzky_GP	1998
sensor_Darren-Sawatzky_GS	1998
sensor_Darren-Sawatzky_Club	1999
sensor_Darren-Sawatzky_GP	1999
sensor_Darren-Sawatzky_GS	1999
sensor_Leonel-Alvarez_GP	1998
sensor_Leonel-Alvarez_GS	1998
sensor_Leonel-Alvarez_A	1998
sensor_Leonel-Alvarez_HmA	1998
sensor_Leonel-Alvarez_RdA	1998
sensor_Leonel-Alvarez_GP	1999
sensor_Leonel-Alvarez_GS	1999
sensor_Leonel-Alvarez_A	1999
sensor_Leonel-Alvarez_GWA	1999
sensor_Leonel-Alvarez_HmA	1999
sensor_Leonel-Alvarez_A/90min	1999
sensor_Leonel-Alvarez_Club	2000
sensor_Leonel-Alvarez_GP	2000
sensor_Leonel-Alvarez_A	2000
sensor_Leonel-Alvarez_GWA	2000
sensor_Leonel-Alvarez_HmA	2000
sensor_Leonel-Alvarez_RdA	2000
sensor_Leonel-Alvarez_A/90min	2000
sensor_Leonel-Alvarez_GP	2001
sensor_Leonel-Alvarez_GS	2001
sensor_Leonel-Alvarez_A	2001
sensor_Leonel-Alvarez_GWA	2001
sensor_Leonel-Alvarez_RdA	2001
sensor_Leonel-Alvarez_A/90min	2001
sensor_Jason-Kreis_GP	1997
sensor_Jason-Kreis_GS	1997
sensor_Jason-Kreis_A	1997
sensor_Jason-Kreis_GWA	1997
sensor_Jason-Kreis_HmA	1997
sensor_Jason-Kreis_RdA	1997
sensor_Jason-Kreis_A/90min	1997
sensor_Jason-Kreis_GP	1998
sensor_Jason-Kreis_GS	1998
sensor_Jason-Kreis_A	1998
sensor_Jason-Kreis_HmA	1998
sensor_Jason-Kreis_RdA	1998
sensor_Jason-Kreis_A/90min	1998
sensor_Jason-Kreis_GP	1999
sensor_Jason-Kreis_GS	1999
sensor_Jason-Kreis_A	1999
sensor_Jason-Kreis_GWA	1999
sensor_Jason-Kreis_HmA	1999
sensor_Jason-Kreis_RdA	1999
sensor_Jason-Kreis_A/90min	1999
sensor_Jason-Kreis_GP	2000
sensor_Jason-Kreis_GS	2000
sensor_Jason-Kreis_A	2000
sensor_Jason-Kreis_GWA	2000
sensor_Jason-Kreis_RdA	2000
sensor_Jason-Kreis_A/90min	2000
sensor_Jason-Kreis_GP	2001
sensor_Jason-Kreis_GS	2001
sensor_Jason-Kreis_A	2001
sensor_Jason-Kreis_GWA	2001
sensor_Jason-Kreis_HmA	2001
sensor_Jason-Kreis_RdA	2001
sensor_Jason-Kreis_A/90min	2001
sensor_Jason-Kreis_GP	2002
sensor_Jason-Kreis_GS	2002
sensor_Jason-Kreis_A	2002
sensor_Jason-Kreis_GWA	2002
sensor_Jason-Kreis_HmA	2002
sensor_Jason-Kreis_RdA	2002
sensor_Jason-Kreis_A/90min	2002
sensor_Jason-Kreis_GP	2003
sensor_Jason-Kreis_GS	2003
sensor_Jason-Kreis_A	2003
sensor_Jason-Kreis_GWA	2003
sensor_Jason-Kreis_HmA	2003
sensor_Jason-Kreis_A/90min	2003
sensor_Jason-Kreis_GP	2004
sensor_Jason-Kreis_GS	2004
sensor_Jason-Kreis_GWA	2004
sensor_Jason-Kreis_HmA	2004
sensor_Jason-Kreis_RdA	2004
sensor_Jason-Kreis_A/90min	2004
sensor_Jason-Kreis_Club	2005
sensor_Jason-Kreis_GP	2005
sensor_Jason-Kreis_GS	2005
sensor_Jason-Kreis_A	2005
sensor_Jason-Kreis_RdA	2005
sensor_Jason-Kreis_A/90min	2005
sensor_Jason-Kreis_GP	2006
sensor_Jason-Kreis_GS	2006
sensor_Jason-Kreis_A	2006
sensor_Jason-Kreis_GWA	2006
sensor_Jason-Kreis_HmA	2006
sensor_Jason-Kreis_RdA	2006
sensor_Jason-Kreis_A/90min	2006
sensor_Jason-Kreis_GP	2007
sensor_Jason-Kreis_GS	2007
sensor_Jason-Kreis_A	2007
sensor_Jason-Kreis_GWA	2007
sensor_Jason-Kreis_HmA	2007
sensor_Jason-Kreis_RdA	2007
sensor_Jason-Kreis_A/90min	2007
sensor_Richie-Williams_GS	1997
sensor_Richie-Williams_A	1997
sensor_Richie-Williams_GWA	1997
sensor_Richie-Williams_HmA	1997
sensor_Richie-Williams_RdA	1997
sensor_Richie-Williams_A/90min	1997
sensor_Richie-Williams_GP	1998
sensor_Richie-Williams_GS	1998
sensor_Richie-Williams_A	1998
sensor_Richie-Williams_HmA	1998
sensor_Richie-Williams_RdA	1998
sensor_Richie-Williams_A/90min	1998
sensor_Richie-Williams_GP	1999
sensor_Richie-Williams_GS	1999
sensor_Richie-Williams_A	1999
sensor_Richie-Williams_GWA	1999
sensor_Richie-Williams_HmA	1999
sensor_Richie-Williams_RdA	1999
sensor_Richie-Williams_A/90min	1999
sensor_Richie-Williams_GP	2000
sensor_Richie-Williams_GS	2000
sensor_Richie-Williams_A	2000
sensor_Richie-Williams_GWA	2000
sensor_Richie-Williams_HmA	2000
sensor_Richie-Williams_RdA	2000
sensor_Richie-Williams_A/90min	2000
sensor_Richie-Williams_Club	2001
sensor_Richie-Williams_GP	2001
sensor_Richie-Williams_GS	2001
sensor_Richie-Williams_A/90min	2001
sensor_Richie-Williams_Club	2002
sensor_Richie-Williams_GP	2002
sensor_Richie-Williams_GS	2002
sensor_Richie-Williams_A	2002
sensor_Richie-Williams_RdA	2002
sensor_Richie-Williams_A/90min	2002
sensor_Richie-Williams_Club	2003
sensor_Richie-Williams_GS	2003
sensor_Richie-Williams_A	2003
sensor_Richie-Williams_GWA	2003
sensor_Richie-Williams_HmA	2003
sensor_Richie-Williams_A/90min	2003
sensor_Paul-Bravo_Club	1997
sensor_Paul-Bravo_GP	1997
sensor_Paul-Bravo_GS	1997
sensor_Paul-Bravo_A	1997
sensor_Paul-Bravo_GWA	1997
sensor_Paul-Bravo_HmA	1997
sensor_Paul-Bravo_RdA	1997
sensor_Paul-Bravo_A/90min	1997
sensor_Paul-Bravo_GS	1998
sensor_Paul-Bravo_A	1998
sensor_Paul-Bravo_HmA	1998
sensor_Paul-Bravo_A/90min	1998
sensor_Paul-Bravo_GP	1999
sensor_Paul-Bravo_GS	1999
sensor_Paul-Bravo_A	1999
sensor_Paul-Bravo_HmA	1999
sensor_Paul-Bravo_A/90min	1999
sensor_Paul-Bravo_GP	2000
sensor_Paul-Bravo_GS	2000
sensor_Paul-Bravo_A	2000
sensor_Paul-Bravo_GWA	2000
sensor_Paul-Bravo_HmA	2000
sensor_Paul-Bravo_RdA	2000
sensor_Paul-Bravo_A/90min	2000
sensor_Paul-Bravo_GP	2001
sensor_Paul-Bravo_GS	2001
sensor_Paul-Bravo_A	2001
sensor_Paul-Bravo_GWA	2001
sensor_Paul-Bravo_HmA	2001
sensor_Paul-Bravo_RdA	2001
sensor_Paul-Bravo_A/90min	2001
sensor_Jeff-Agoos_GP	1997
sensor_Jeff-Agoos_GS	1997
sensor_Jeff-Agoos_A	1997
sensor_Jeff-Agoos_GWA	1997
sensor_Jeff-Agoos_HmA	1997
sensor_Jeff-Agoos_A/90min	1997
sensor_Jeff-Agoos_GP	1998
sensor_Jeff-Agoos_GS	1998
sensor_Jeff-Agoos_A	1998
sensor_Jeff-Agoos_GWA	1998
sensor_Jeff-Agoos_HmA	1998
sensor_Jeff-Agoos_RdA	1998
sensor_Jeff-Agoos_A/90min	1998
sensor_Jeff-Agoos_GP	1999
sensor_Jeff-Agoos_GS	1999
sensor_Jeff-Agoos_A	1999
sensor_Jeff-Agoos_GWA	1999
sensor_Jeff-Agoos_HmA	1999
sensor_Jeff-Agoos_RdA	1999
sensor_Jeff-Agoos_A/90min	1999
sensor_Jeff-Agoos_GP	2000
sensor_Jeff-Agoos_GS	2000
sensor_Jeff-Agoos_A	2000
sensor_Jeff-Agoos_GWA	2000
sensor_Jeff-Agoos_HmA	2000
sensor_Jeff-Agoos_RdA	2000
sensor_Jeff-Agoos_A/90min	2000
sensor_Jeff-Agoos_Club	2001
sensor_Jeff-Agoos_GP	2001
sensor_Jeff-Agoos_GS	2001
sensor_Jeff-Agoos_A	2001
sensor_Jeff-Agoos_GWA	2001
sensor_Jeff-Agoos_HmA	2001
sensor_Jeff-Agoos_A/90min	2001
sensor_Jeff-Agoos_GP	2002
sensor_Jeff-Agoos_GS	2002
sensor_Jeff-Agoos_A	2002
sensor_Jeff-Agoos_HmA	2002
sensor_Jeff-Agoos_RdA	2002
sensor_Jeff-Agoos_A/90min	2002
sensor_Jeff-Agoos_GP	2003
sensor_Jeff-Agoos_GS	2003
sensor_Jeff-Agoos_A	2003
sensor_Jeff-Agoos_HmA	2003
sensor_Jeff-Agoos_A/90min	2003
sensor_Jeff-Agoos_GP	2004
sensor_Jeff-Agoos_GS	2004
sensor_Jeff-Agoos_A	2004
sensor_Jeff-Agoos_HmA	2004
sensor_Jeff-Agoos_RdA	2004
sensor_Jeff-Agoos_A/90min	2004
sensor_Jeff-Agoos_Club	2005
sensor_Jeff-Agoos_GP	2005
sensor_Jeff-Agoos_GS	2005
sensor_Jeff-Agoos_A	2005
sensor_Jeff-Agoos_HmA	2005
sensor_Jeff-Agoos_RdA	2005
sensor_Jeff-Agoos_A/90min	2005
sensor_Scott-Benedetti_GP	1997
sensor_Scott-Benedetti_GS	1997
sensor_Scott-Benedetti_A	1997
sensor_Scott-Benedetti_GWA	1997
sensor_Scott-Benedetti_HmA	1997
sensor_Scott-Benedetti_RdA	1997
sensor_Scott-Benedetti_A/90min	1997
sensor_Guillermo-Jara_GP	1997
sensor_Guillermo-Jara_GS	1997
sensor_Guillermo-Jara_A	1997
sensor_Guillermo-Jara_RdA	1997
sensor_Guillermo-Jara_A/90min	1997
sensor_Guillermo-Jara_GP	1998
sensor_Guillermo-Jara_GS	1998
sensor_Guillermo-Jara_A	1998
sensor_Guillermo-Jara_HmA	1998
sensor_Guillermo-Jara_RdA	1998
sensor_Guillermo-Jara_A/90min	1998
sensor_Guillermo-Jara_Club	1999
sensor_Guillermo-Jara_GP	1999
sensor_Guillermo-Jara_A	1999
sensor_Guillermo-Jara_GWA	1999
sensor_Guillermo-Jara_HmA	1999
sensor_Guillermo-Jara_A/90min	1999
sensor_Frank-Klopas_GP	1997
sensor_Frank-Klopas_GS	1997
sensor_Frank-Klopas_A	1997
sensor_Frank-Klopas_GWA	1997
sensor_Frank-Klopas_HmA	1997
sensor_Frank-Klopas_A/90min	1997
sensor_Frank-Klopas_Club	1998
sensor_Frank-Klopas_GS	1998
sensor_Frank-Klopas_A	1998
sensor_Frank-Klopas_GWA	1998
sensor_Frank-Klopas_HmA	1998
sensor_Frank-Klopas_RdA	1998
sensor_Frank-Klopas_A/90min	1998
sensor_Frank-Klopas_GP	1999
sensor_Frank-Klopas_GS	1999
sensor_Frank-Klopas_A	1999
sensor_Frank-Klopas_GWA	1999
sensor_Frank-Klopas_RdA	1999
sensor_Frank-Klopas_A/90min	1999
sensor_John-DeBrito_Club	1997
sensor_John-DeBrito_GP	1997
sensor_John-DeBrito_GS	1997
sensor_John-DeBrito_A	1997
sensor_John-DeBrito_GWA	1997
sensor_John-DeBrito_HmA	1997
sensor_John-DeBrito_RdA	1997
sensor_John-DeBrito_A/90min	1997
sensor_John-DeBrito_GP	1998
sensor_John-DeBrito_GS	1998
sensor_John-DeBrito_Club	1999
sensor_John-DeBrito_GP	1999
sensor_John-DeBrito_GS	1999
sensor_John-DeBrito_A	1999
sensor_John-DeBrito_GWA	1999
sensor_John-DeBrito_HmA	1999
sensor_John-DeBrito_A/90min	1999
sensor_John-DeBrito_GP	2000
sensor_John-DeBrito_GS	2000
sensor_John-DeBrito_GWA	2000
sensor_John-DeBrito_A/90min	2000
sensor_John-DeBrito_GP	2001
sensor_John-DeBrito_GS	2001
sensor_John-DeBrito_A	2001
sensor_John-DeBrito_HmA	2001
sensor_John-DeBrito_A/90min	2001
sensor_Pete-Marino_GP	1997
sensor_Pete-Marino_GS	1997
sensor_Pete-Marino_HmA	1997
sensor_Pete-Marino_RdA	1997
sensor_Pete-Marino_A/90min	1997
sensor_Pete-Marino_Club	1998
sensor_Pete-Marino_GP	1998
sensor_Pete-Marino_GS	1998
sensor_Pete-Marino_A	1998
sensor_Pete-Marino_GWA	1998
sensor_Pete-Marino_HmA	1998
sensor_Pete-Marino_RdA	1998
sensor_Pete-Marino_A/90min	1998
sensor_Pete-Marino_Club	1999
sensor_Pete-Marino_GP	1999
sensor_Pete-Marino_GS	1999
sensor_Pete-Marino_Club	2000
sensor_Pete-Marino_GS	2000
sensor_Pete-Marino_Club	2001
sensor_Pete-Marino_GP	2001
sensor_Pete-Marino_GS	2001
sensor_Miles-Joseph_GP	1997
sensor_Miles-Joseph_GS	1997
sensor_Miles-Joseph_A	1997
sensor_Miles-Joseph_GWA	1997
sensor_Miles-Joseph_HmA	1997
sensor_Miles-Joseph_RdA	1997
sensor_Miles-Joseph_A/90min	1997
sensor_Miles-Joseph_GP	1998
sensor_Miles-Joseph_GS	1998
sensor_Miles-Joseph_A	1998
sensor_Miles-Joseph_GWA	1998
sensor_Miles-Joseph_HmA	1998
sensor_Miles-Joseph_RdA	1998
sensor_Miles-Joseph_A/90min	1998
sensor_Miles-Joseph_GP	1999
sensor_Miles-Joseph_GS	1999
sensor_Miles-Joseph_A	1999
sensor_Miles-Joseph_HmA	1999
sensor_Miles-Joseph_A/90min	1999
sensor_Miles-Joseph_Club	2000
sensor_Miles-Joseph_GP	2000
sensor_Miles-Joseph_GS	2000
sensor_Miles-Joseph_A	2000
sensor_Miles-Joseph_GWA	2000
sensor_Miles-Joseph_HmA	2000
sensor_Miles-Joseph_RdA	2000
sensor_Miles-Joseph_A/90min	2000
sensor_Miles-Joseph_Club	2001
sensor_Miles-Joseph_GP	2001
sensor_Miles-Joseph_GS	2001
sensor_Miles-Joseph_A/90min	2001
sensor_Diego-Gutierrez_GP	1997
sensor_Diego-Gutierrez_GS	1997
sensor_Diego-Gutierrez_A	1997
sensor_Diego-Gutierrez_GWA	1997
sensor_Diego-Gutierrez_HmA	1997
sensor_Diego-Gutierrez_RdA	1997
sensor_Diego-Gutierrez_A/90min	1997
sensor_Diego-Gutierrez_Club	1998
sensor_Diego-Gutierrez_GP	1998
sensor_Diego-Gutierrez_GS	1998
sensor_Diego-Gutierrez_A	1998
sensor_Diego-Gutierrez_GWA	1998
sensor_Diego-Gutierrez_HmA	1998
sensor_Diego-Gutierrez_RdA	1998
sensor_Diego-Gutierrez_A/90min	1998
sensor_Diego-Gutierrez_GP	1999
sensor_Diego-Gutierrez_GS	1999
sensor_Diego-Gutierrez_A	1999
sensor_Diego-Gutierrez_HmA	1999
sensor_Diego-Gutierrez_A/90min	1999
sensor_Diego-Gutierrez_GP	2000
sensor_Diego-Gutierrez_GS	2000
sensor_Diego-Gutierrez_A	2000
sensor_Diego-Gutierrez_GWA	2000
sensor_Diego-Gutierrez_HmA	2000
sensor_Diego-Gutierrez_RdA	2000
sensor_Diego-Gutierrez_A/90min	2000
sensor_Diego-Gutierrez_GS	2001
sensor_Diego-Gutierrez_A	2001
sensor_Diego-Gutierrez_GWA	2001
sensor_Diego-Gutierrez_HmA	2001
sensor_Diego-Gutierrez_RdA	2001
sensor_Diego-Gutierrez_A/90min	2001
sensor_Diego-Gutierrez_Club	2002
sensor_Diego-Gutierrez_GP	2002
sensor_Diego-Gutierrez_GS	2002
sensor_Diego-Gutierrez_A	2002
sensor_Diego-Gutierrez_GWA	2002
sensor_Diego-Gutierrez_RdA	2002
sensor_Diego-Gutierrez_A/90min	2002
sensor_Diego-Gutierrez_GP	2003
sensor_Diego-Gutierrez_GS	2003
sensor_Diego-Gutierrez_A	2003
sensor_Diego-Gutierrez_GWA	2003
sensor_Diego-Gutierrez_HmA	2003
sensor_Diego-Gutierrez_A/90min	2003
sensor_Diego-Gutierrez_GP	2004
sensor_Diego-Gutierrez_GS	2004
sensor_Diego-Gutierrez_A	2004
sensor_Diego-Gutierrez_HmA	2004
sensor_Diego-Gutierrez_RdA	2004
sensor_Diego-Gutierrez_A/90min	2004
sensor_Diego-Gutierrez_GP	2005
sensor_Diego-Gutierrez_GS	2005
sensor_Diego-Gutierrez_A	2005
sensor_Diego-Gutierrez_HmA	2005
sensor_Diego-Gutierrez_RdA	2005
sensor_Diego-Gutierrez_A/90min	2005
sensor_Diego-Gutierrez_Club	2006
sensor_Diego-Gutierrez_GP	2006
sensor_Diego-Gutierrez_GS	2006
sensor_Diego-Gutierrez_A	2006
sensor_Diego-Gutierrez_HmA	2006
sensor_Diego-Gutierrez_A/90min	2006
sensor_Diego-Gutierrez_GP	2007
sensor_Diego-Gutierrez_GS	2007
sensor_Diego-Gutierrez_A	2007
sensor_Diego-Gutierrez_HmA	2007
sensor_Diego-Gutierrez_A/90min	2007
sensor_Cobi-Jones_GP	1997
sensor_Cobi-Jones_GS	1997
sensor_Cobi-Jones_A	1997
sensor_Cobi-Jones_HmA	1997
sensor_Cobi-Jones_RdA	1997
sensor_Cobi-Jones_A/90min	1997
sensor_Cobi-Jones_GP	1998
sensor_Cobi-Jones_GS	1998
sensor_Cobi-Jones_A	1998
sensor_Cobi-Jones_GWA	1998
sensor_Cobi-Jones_RdA	1998
sensor_Cobi-Jones_A/90min	1998
sensor_Cobi-Jones_GP	1999
sensor_Cobi-Jones_GS	1999
sensor_Cobi-Jones_A	1999
sensor_Cobi-Jones_GWA	1999
sensor_Cobi-Jones_HmA	1999
sensor_Cobi-Jones_RdA	1999
sensor_Cobi-Jones_A/90min	1999
sensor_Cobi-Jones_GP	2000
sensor_Cobi-Jones_GS	2000
sensor_Cobi-Jones_A	2000
sensor_Cobi-Jones_HmA	2000
sensor_Cobi-Jones_A/90min	2000
sensor_Cobi-Jones_GP	2001
sensor_Cobi-Jones_GS	2001
sensor_Cobi-Jones_A	2001
sensor_Cobi-Jones_GWA	2001
sensor_Cobi-Jones_HmA	2001
sensor_Cobi-Jones_RdA	2001
sensor_Cobi-Jones_A/90min	2001
sensor_Cobi-Jones_GP	2002
sensor_Cobi-Jones_GS	2002
sensor_Cobi-Jones_A	2002
sensor_Cobi-Jones_HmA	2002
sensor_Cobi-Jones_RdA	2002
sensor_Cobi-Jones_A/90min	2002
sensor_Cobi-Jones_GP	2003
sensor_Cobi-Jones_GS	2003
sensor_Cobi-Jones_A	2003
sensor_Cobi-Jones_GWA	2003
sensor_Cobi-Jones_HmA	2003
sensor_Cobi-Jones_RdA	2003
sensor_Cobi-Jones_A/90min	2003
sensor_Cobi-Jones_GP	2004
sensor_Cobi-Jones_GS	2004
sensor_Cobi-Jones_A	2004
sensor_Cobi-Jones_GWA	2004
sensor_Cobi-Jones_HmA	2004
sensor_Cobi-Jones_A/90min	2004
sensor_Cobi-Jones_GP	2005
sensor_Cobi-Jones_GS	2005
sensor_Cobi-Jones_A	2005
sensor_Cobi-Jones_GWA	2005
sensor_Cobi-Jones_HmA	2005
sensor_Cobi-Jones_RdA	2005
sensor_Cobi-Jones_A/90min	2005
sensor_Cobi-Jones_GP	2006
sensor_Cobi-Jones_GS	2006
sensor_Cobi-Jones_A	2006
sensor_Cobi-Jones_GWA	2006
sensor_Cobi-Jones_HmA	2006
sensor_Cobi-Jones_RdA	2006
sensor_Cobi-Jones_A/90min	2006
sensor_Cobi-Jones_GP	2007
sensor_Cobi-Jones_GS	2007
sensor_Cobi-Jones_A	2007
sensor_Cobi-Jones_GWA	2007
sensor_Cobi-Jones_RdA	2007
sensor_Cobi-Jones_A/90min	2007
sensor_Roy-Lassiter_GP	1997
sensor_Roy-Lassiter_GS	1997
sensor_Roy-Lassiter_A	1997
sensor_Roy-Lassiter_RdA	1997
sensor_Roy-Lassiter_A/90min	1997
sensor_Roy-Lassiter_Club	1998
sensor_Roy-Lassiter_GP	1998
sensor_Roy-Lassiter_GS	1998
sensor_Roy-Lassiter_A	1998
sensor_Roy-Lassiter_GWA	1998
sensor_Roy-Lassiter_HmA	1998
sensor_Roy-Lassiter_RdA	1998
sensor_Roy-Lassiter_A/90min	1998
sensor_Roy-Lassiter_GP	1999
sensor_Roy-Lassiter_A	1999
sensor_Roy-Lassiter_GWA	1999
sensor_Roy-Lassiter_HmA	1999
sensor_Roy-Lassiter_A/90min	1999
sensor_Roy-Lassiter_Club	2000
sensor_Roy-Lassiter_GP	2000
sensor_Roy-Lassiter_GS	2000
sensor_Roy-Lassiter_A	2000
sensor_Roy-Lassiter_GWA	2000
sensor_Roy-Lassiter_HmA	2000
sensor_Roy-Lassiter_A/90min	2000
sensor_Roy-Lassiter_Club	2001
sensor_Roy-Lassiter_GP	2001
sensor_Roy-Lassiter_GS	2001
sensor_Roy-Lassiter_A	2001
sensor_Roy-Lassiter_GWA	2001
sensor_Roy-Lassiter_HmA	2001
sensor_Roy-Lassiter_RdA	2001
sensor_Roy-Lassiter_A/90min	2001
sensor_Roy-Lassiter_Club	2002
sensor_Roy-Lassiter_GP	2002
sensor_Roy-Lassiter_GS	2002
sensor_Roy-Lassiter_A	2002
sensor_Roy-Lassiter_HmA	2002
sensor_Roy-Lassiter_A/90min	2002
sensor_Paul-Wright_GP	1997
sensor_Paul-Wright_GS	1997
sensor_Paul-Wright_GWA	1997
sensor_Paul-Wright_HmA	1997
sensor_Paul-Wright_RdA	1997
sensor_Paul-Wright_A/90min	1997
sensor_Paul-Wright_GS	1998
sensor_Paul-Wright_A	1998
sensor_Paul-Wright_GWA	1998
sensor_Paul-Wright_RdA	1998
sensor_Paul-Wright_A/90min	1998
sensor_Paul-Wright_GP	1999
sensor_Paul-Wright_GS	1999
sensor_Paul-Wright_A	1999
sensor_Paul-Wright_GWA	1999
sensor_Paul-Wright_HmA	1999
sensor_Paul-Wright_RdA	1999
sensor_Paul-Wright_A/90min	1999
sensor_Jaime-Moreno_GP	1997
sensor_Jaime-Moreno_GS	1997
sensor_Jaime-Moreno_A	1997
sensor_Jaime-Moreno_GWA	1997
sensor_Jaime-Moreno_HmA	1997
sensor_Jaime-Moreno_RdA	1997
sensor_Jaime-Moreno_A/90min	1997
sensor_Jaime-Moreno_GP	1998
sensor_Jaime-Moreno_GS	1998
sensor_Jaime-Moreno_A	1998
sensor_Jaime-Moreno_GWA	1998
sensor_Jaime-Moreno_HmA	1998
sensor_Jaime-Moreno_RdA	1998
sensor_Jaime-Moreno_A/90min	1998
sensor_Jaime-Moreno_GP	1999
sensor_Jaime-Moreno_GS	1999
sensor_Jaime-Moreno_A	1999
sensor_Jaime-Moreno_GWA	1999
sensor_Jaime-Moreno_HmA	1999
sensor_Jaime-Moreno_RdA	1999
sensor_Jaime-Moreno_A/90min	1999
sensor_Jaime-Moreno_A	2000
sensor_Jaime-Moreno_GWA	2000
sensor_Jaime-Moreno_HmA	2000
sensor_Jaime-Moreno_A/90min	2000
sensor_Jaime-Moreno_GP	2001
sensor_Jaime-Moreno_GS	2001
sensor_Jaime-Moreno_A	2001
sensor_Jaime-Moreno_GWA	2001
sensor_Jaime-Moreno_HmA	2001
sensor_Jaime-Moreno_RdA	2001
sensor_Jaime-Moreno_A/90min	2001
sensor_Jaime-Moreno_GP	2002
sensor_Jaime-Moreno_GS	2002
sensor_Jaime-Moreno_A	2002
sensor_Jaime-Moreno_HmA	2002
sensor_Jaime-Moreno_RdA	2002
sensor_Jaime-Moreno_A/90min	2002
sensor_Jaime-Moreno_Club	2003
sensor_Jaime-Moreno_GP	2003
sensor_Jaime-Moreno_GS	2003
sensor_Jaime-Moreno_A	2003
sensor_Jaime-Moreno_GWA	2003
sensor_Jaime-Moreno_HmA	2003
sensor_Jaime-Moreno_A/90min	2003
sensor_Jaime-Moreno_Club	2004
sensor_Jaime-Moreno_GP	2004
sensor_Jaime-Moreno_GS	2004
sensor_Jaime-Moreno_A	2004
sensor_Jaime-Moreno_GWA	2004
sensor_Jaime-Moreno_HmA	2004
sensor_Jaime-Moreno_RdA	2004
sensor_Jaime-Moreno_A/90min	2004
sensor_Jaime-Moreno_GP	2005
sensor_Jaime-Moreno_GS	2005
sensor_Jaime-Moreno_A	2005
sensor_Jaime-Moreno_GWA	2005
sensor_Jaime-Moreno_HmA	2005
sensor_Jaime-Moreno_RdA	2005
sensor_Jaime-Moreno_A/90min	2005
sensor_Jaime-Moreno_GP	2006
sensor_Jaime-Moreno_GS	2006
sensor_Jaime-Moreno_A	2006
sensor_Jaime-Moreno_GWA	2006
sensor_Jaime-Moreno_HmA	2006
sensor_Jaime-Moreno_RdA	2006
sensor_Jaime-Moreno_A/90min	2006
sensor_Jaime-Moreno_GP	2007
sensor_Jaime-Moreno_GS	2007
sensor_Jaime-Moreno_A	2007
sensor_Jaime-Moreno_GWA	2007
sensor_Jaime-Moreno_HmA	2007
sensor_Jaime-Moreno_RdA	2007
sensor_Jaime-Moreno_A/90min	2007
sensor_Kris-Kelderman_GP	1997
sensor_Kris-Kelderman_GS	1997
sensor_Kris-Kelderman_A	1997
sensor_Kris-Kelderman_HmA	1997
sensor_Kris-Kelderman_RdA	1997
sensor_Kris-Kelderman_A/90min	1997
sensor_Kris-Kelderman_Club	1998
sensor_Kris-Kelderman_GP	1998
sensor_Kris-Kelderman_GS	1998
sensor_Kris-Kelderman_A	1998
sensor_Kris-Kelderman_GWA	1998
sensor_Kris-Kelderman_HmA	1998
sensor_Kris-Kelderman_RdA	1998
sensor_Kris-Kelderman_A/90min	1998
sensor_Kris-Kelderman_Club	1999
sensor_Kris-Kelderman_GP	1999
sensor_Kris-Kelderman_GS	1999
sensor_Kris-Kelderman_A	1999
sensor_Kris-Kelderman_GWA	1999
sensor_Kris-Kelderman_HmA	1999
sensor_Kris-Kelderman_RdA	1999
sensor_Kris-Kelderman_A/90min	1999
sensor_Rob-Johnson_GP	1997
sensor_Rob-Johnson_GS	1997
sensor_Rob-Johnson_A	1997
sensor_Rob-Johnson_GWA	1997
sensor_Rob-Johnson_HmA	1997
sensor_Rob-Johnson_RdA	1997
sensor_Rob-Johnson_A/90min	1997
sensor_Rob-Johnson_GP	1999
sensor_Eddie-Lewis_GP	1997
sensor_Eddie-Lewis_GS	1997
sensor_Eddie-Lewis_A	1997
sensor_Eddie-Lewis_GWA	1997
sensor_Eddie-Lewis_HmA	1997
sensor_Eddie-Lewis_RdA	1997
sensor_Eddie-Lewis_A/90min	1997
sensor_Eddie-Lewis_GP	1998
sensor_Eddie-Lewis_GS	1998
sensor_Eddie-Lewis_A	1998
sensor_Eddie-Lewis_GWA	1998
sensor_Eddie-Lewis_HmA	1998
sensor_Eddie-Lewis_RdA	1998
sensor_Eddie-Lewis_A/90min	1998
sensor_Eddie-Lewis_GP	1999
sensor_Eddie-Lewis_GS	1999
sensor_Eddie-Lewis_A	1999
sensor_Eddie-Lewis_GWA	1999
sensor_Eddie-Lewis_HmA	1999
sensor_Eddie-Lewis_RdA	1999
sensor_Eddie-Lewis_A/90min	1999
sensor_Evans-Wise_Club	1997
sensor_Evans-Wise_GP	1997
sensor_Evans-Wise_GS	1997
sensor_Evans-Wise_A	1997
sensor_Evans-Wise_HmA	1997
sensor_Evans-Wise_RdA	1997
sensor_Evans-Wise_A/90min	1997
sensor_Evans-Wise_GP	1998
sensor_Evans-Wise_GS	1998
sensor_Evans-Wise_A	1998
sensor_Evans-Wise_RdA	1998
sensor_Evans-Wise_A/90min	1998
sensor_Steve-Rammel_Club	1997
sensor_Steve-Rammel_GP	1997
sensor_Steve-Rammel_GS	1997
sensor_Steve-Rammel_A	1997
sensor_Steve-Rammel_GWA	1997
sensor_Steve-Rammel_HmA	1997
sensor_Steve-Rammel_A/90min	1997
sensor_Paul-Keegan_GP	1997
sensor_Paul-Keegan_GS	1997
sensor_Paul-Keegan_A	1997
sensor_Paul-Keegan_HmA	1997
sensor_Paul-Keegan_RdA	1997
sensor_Paul-Keegan_A/90min	1997
sensor_Paul-Keegan_GP	1998
sensor_Paul-Keegan_GS	1998
sensor_Paul-Keegan_A	1998
sensor_Paul-Keegan_GWA	1998
sensor_Paul-Keegan_HmA	1998
sensor_Paul-Keegan_RdA	1998
sensor_Paul-Keegan_A/90min	1998
sensor_Paul-Keegan_GP	1999
sensor_Paul-Keegan_GS	1999
sensor_Paul-Keegan_A	1999
sensor_Paul-Keegan_GWA	1999
sensor_Paul-Keegan_RdA	1999
sensor_Paul-Keegan_A/90min	1999
sensor_Paul-Keegan_GP	2000
sensor_Paul-Keegan_GS	2000
sensor_Paul-Keegan_A/90min	2000
sensor_Mario-Gori_GP	1997
sensor_Mario-Gori_GS	1997
sensor_Mario-Gori_A	1997
sensor_Mario-Gori_GWA	1997
sensor_Mario-Gori_HmA	1997
sensor_Mario-Gori_RdA	1997
sensor_Mario-Gori_A/90min	1997
sensor_Mario-Gori_GP	1998
sensor_Mario-Gori_GS	1998
sensor_Mario-Gori_Club	1999
sensor_Mario-Gori_GP	1999
sensor_Mario-Gori_GS	1999
sensor_Mario-Gori_A	1999
sensor_Mario-Gori_HmA	1999
sensor_Mario-Gori_A/90min	1999
sensor_Brian-Haynes_GP	1997
sensor_Brian-Haynes_GS	1997
sensor_Brian-Haynes_A	1997
sensor_Brian-Haynes_GWA	1997
sensor_Brian-Haynes_HmA	1997
sensor_Brian-Haynes_RdA	1997
sensor_Brian-Haynes_A/90min	1997
sensor_Brian-Haynes_GP	1998
sensor_Brian-Haynes_GS	1998
sensor_Brian-Haynes_A	1998
sensor_Brian-Haynes_RdA	1998
sensor_Brian-Haynes_A/90min	1998
sensor_Brian-Haynes_GP	1999
sensor_Brian-Haynes_GS	1999
sensor_Brian-Haynes_A	1999
sensor_Brian-Haynes_GWA	1999
sensor_Brian-Haynes_HmA	1999
sensor_Brian-Haynes_A/90min	1999
sensor_Brian-Haynes_GP	2000
sensor_Brian-Haynes_GS	2000
sensor_Brian-Haynes_A	2000
sensor_Brian-Haynes_GWA	2000
sensor_Brian-Haynes_HmA	2000
sensor_Brian-Haynes_RdA	2000
sensor_Brian-Haynes_A/90min	2000
sensor_Troy-Dayak_GP	1997
sensor_Troy-Dayak_GS	1997
sensor_Troy-Dayak_A	1997
sensor_Troy-Dayak_GWA	1997
sensor_Troy-Dayak_HmA	1997
sensor_Troy-Dayak_A/90min	1997
sensor_Troy-Dayak_GP	1998
sensor_Troy-Dayak_GS	1998
sensor_Troy-Dayak_A	1998
sensor_Troy-Dayak_RdA	1998
sensor_Troy-Dayak_A/90min	1998
sensor_Troy-Dayak_GP	2001
sensor_Troy-Dayak_GS	2001
sensor_Troy-Dayak_A	2001
sensor_Troy-Dayak_RdA	2001
sensor_Troy-Dayak_A/90min	2001
sensor_Troy-Dayak_GP	2002
sensor_Troy-Dayak_GS	2002
sensor_Troy-Dayak_A	2002
sensor_Troy-Dayak_GWA	2002
sensor_Troy-Dayak_RdA	2002
sensor_Troy-Dayak_A/90min	2002
sensor_Troy-Dayak_GP	2003
sensor_Troy-Dayak_GS	2003
sensor_Troy-Dayak_A	2003
sensor_Troy-Dayak_GWA	2003
sensor_Troy-Dayak_RdA	2003
sensor_Troy-Dayak_A/90min	2003
sensor_Troy-Dayak_GP	2004
sensor_Troy-Dayak_GS	2004
sensor_Troy-Dayak_GP	2005
sensor_Troy-Dayak_GS	2005
sensor_Brian-McBride_GP	1997
sensor_Brian-McBride_GS	1997
sensor_Brian-McBride_A	1997
sensor_Brian-McBride_GWA	1997
sensor_Brian-McBride_RdA	1997
sensor_Brian-McBride_A/90min	1997
sensor_Brian-McBride_GP	1998
sensor_Brian-McBride_GS	1998
sensor_Brian-McBride_A	1998
sensor_Brian-McBride_GWA	1998
sensor_Brian-McBride_HmA	1998
sensor_Brian-McBride_RdA	1998
sensor_Brian-McBride_A/90min	1998
sensor_Brian-McBride_GP	1999
sensor_Brian-McBride_GS	1999
sensor_Brian-McBride_A	1999
sensor_Brian-McBride_GWA	1999
sensor_Brian-McBride_HmA	1999
sensor_Brian-McBride_RdA	1999
sensor_Brian-McBride_A/90min	1999
sensor_Brian-McBride_GP	2000
sensor_Brian-McBride_GS	2000
sensor_Brian-McBride_A	2000
sensor_Brian-McBride_GWA	2000
sensor_Brian-McBride_HmA	2000
sensor_Brian-McBride_RdA	2000
sensor_Brian-McBride_A/90min	2000
sensor_Brian-McBride_GP	2001
sensor_Brian-McBride_GS	2001
sensor_Brian-McBride_A	2001
sensor_Brian-McBride_GWA	2001
sensor_Brian-McBride_HmA	2001
sensor_Brian-McBride_RdA	2001
sensor_Brian-McBride_A/90min	2001
sensor_Brian-McBride_GP	2002
sensor_Brian-McBride_A	2002
sensor_Brian-McBride_GWA	2002
sensor_Brian-McBride_HmA	2002
sensor_Brian-McBride_RdA	2002
sensor_Brian-McBride_A/90min	2002
sensor_Brian-McBride_GP	2003
sensor_Brian-McBride_GS	2003
sensor_Brian-McBride_A	2003
sensor_Brian-McBride_GWA	2003
sensor_Brian-McBride_RdA	2003
sensor_Brian-McBride_A/90min	2003
sensor_Cle-Kooiman_A	1997
sensor_Cle-Kooiman_HmA	1997
sensor_Cle-Kooiman_RdA	1997
sensor_Cle-Kooiman_A/90min	1997
sensor_Cle-Kooiman_Club	1998
sensor_Cle-Kooiman_GP	1998
sensor_Cle-Kooiman_GS	1998
sensor_Cle-Kooiman_A	1998
sensor_Cle-Kooiman_RdA	1998
sensor_Cle-Kooiman_A/90min	1998
sensor_Geoff-Aunger_Club	1998
sensor_Geoff-Aunger_GP	1998
sensor_Geoff-Aunger_GS	1998
sensor_Geoff-Aunger_A	1998
sensor_Geoff-Aunger_HmA	1998
sensor_Geoff-Aunger_RdA	1998
sensor_Geoff-Aunger_A/90min	1998
sensor_Geoff-Aunger_GP	1999
sensor_Geoff-Aunger_GS	1999
sensor_Geoff-Aunger_A	1999
sensor_Geoff-Aunger_GWA	1999
sensor_Geoff-Aunger_HmA	1999
sensor_Geoff-Aunger_RdA	1999
sensor_Geoff-Aunger_A/90min	1999
sensor_Geoff-Aunger_GS	2000
sensor_Geoff-Aunger_A	2000
sensor_Geoff-Aunger_RdA	2000
sensor_Geoff-Aunger_A/90min	2000
sensor_Geoff-Aunger_Club	2001
sensor_Geoff-Aunger_GP	2001
sensor_Geoff-Aunger_GS	2001
sensor_Geoff-Aunger_A	2001
sensor_Geoff-Aunger_GWA	2001
sensor_Geoff-Aunger_HmA	2001
sensor_Geoff-Aunger_RdA	2001
sensor_Geoff-Aunger_A/90min	2001
sensor_Maurice-Johnston_A	1997
sensor_Maurice-Johnston_GWA	1997
sensor_Maurice-Johnston_HmA	1997
sensor_Maurice-Johnston_RdA	1997
sensor_Maurice-Johnston_A/90min	1997
sensor_Maurice-Johnston_GP	1998
sensor_Maurice-Johnston_GS	1998
sensor_Maurice-Johnston_A	1998
sensor_Maurice-Johnston_GWA	1998
sensor_Maurice-Johnston_HmA	1998
sensor_Maurice-Johnston_RdA	1998
sensor_Maurice-Johnston_A/90min	1998
sensor_Maurice-Johnston_GP	1999
sensor_Maurice-Johnston_GS	1999
sensor_Maurice-Johnston_A	1999
sensor_Maurice-Johnston_HmA	1999
sensor_Maurice-Johnston_RdA	1999
sensor_Maurice-Johnston_A/90min	1999
sensor_Maurice-Johnston_GP	2000
sensor_Maurice-Johnston_GS	2000
sensor_Maurice-Johnston_A	2000
sensor_Maurice-Johnston_GWA	2000
sensor_Maurice-Johnston_HmA	2000
sensor_Maurice-Johnston_A/90min	2000
sensor_Sean-Bowers_GP	1997
sensor_Sean-Bowers_GS	1997
sensor_Sean-Bowers_A	1997
sensor_Sean-Bowers_GWA	1997
sensor_Sean-Bowers_HmA	1997
sensor_Sean-Bowers_RdA	1997
sensor_Sean-Bowers_A/90min	1997
sensor_Sean-Bowers_GP	1998
sensor_Sean-Bowers_GS	1998
sensor_Sean-Bowers_A	1998
sensor_Sean-Bowers_RdA	1998
sensor_Sean-Bowers_A/90min	1998
sensor_Sean-Bowers_GP	1999
sensor_Sean-Bowers_GS	1999
sensor_Sean-Bowers_A	1999
sensor_Sean-Bowers_RdA	1999
sensor_Sean-Bowers_A/90min	1999
sensor_Manny-Lagos_GP	1997
sensor_Manny-Lagos_GS	1997
sensor_Manny-Lagos_HmA	1997
sensor_Manny-Lagos_RdA	1997
sensor_Manny-Lagos_A/90min	1997
sensor_Manny-Lagos_Club	1998
sensor_Manny-Lagos_GP	1998
sensor_Manny-Lagos_GS	1998
sensor_Manny-Lagos_A	1998
sensor_Manny-Lagos_GWA	1998
sensor_Manny-Lagos_HmA	1998
sensor_Manny-Lagos_A/90min	1998
sensor_Manny-Lagos_GP	1999
sensor_Manny-Lagos_GS	1999
sensor_Manny-Lagos_A	1999
sensor_Manny-Lagos_GWA	1999
sensor_Manny-Lagos_HmA	1999
sensor_Manny-Lagos_RdA	1999
sensor_Manny-Lagos_A/90min	1999
sensor_Manny-Lagos_Club	2000
sensor_Manny-Lagos_GP	2000
sensor_Manny-Lagos_GS	2000
sensor_Manny-Lagos_A	2000
sensor_Manny-Lagos_GWA	2000
sensor_Manny-Lagos_HmA	2000
sensor_Manny-Lagos_RdA	2000
sensor_Manny-Lagos_A/90min	2000
sensor_Manny-Lagos_Club	2001
sensor_Manny-Lagos_GP	2001
sensor_Manny-Lagos_GS	2001
sensor_Manny-Lagos_A	2001
sensor_Manny-Lagos_HmA	2001
sensor_Manny-Lagos_RdA	2001
sensor_Manny-Lagos_A/90min	2001
sensor_Manny-Lagos_GS	2002
sensor_Manny-Lagos_A	2002
sensor_Manny-Lagos_GWA	2002
sensor_Manny-Lagos_HmA	2002
sensor_Manny-Lagos_A/90min	2002
sensor_Manny-Lagos_GP	2003
sensor_Manny-Lagos_GS	2003
sensor_Manny-Lagos_A	2003
sensor_Manny-Lagos_GWA	2003
sensor_Manny-Lagos_RdA	2003
sensor_Manny-Lagos_A/90min	2003
sensor_Manny-Lagos_Club	2004
sensor_Manny-Lagos_GP	2004
sensor_Manny-Lagos_GS	2004
sensor_Manny-Lagos_A	2004
sensor_Manny-Lagos_GWA	2004
sensor_Manny-Lagos_RdA	2004
sensor_Manny-Lagos_A/90min	2004
sensor_Manny-Lagos_GP	2005
sensor_Manny-Lagos_GS	2005
sensor_Manny-Lagos_A	2005
sensor_Manny-Lagos_HmA	2005
sensor_Manny-Lagos_A/90min	2005
sensor_Victor-Mella_Club	1998
sensor_Victor-Mella_GP	1998
sensor_Victor-Mella_GS	1998
sensor_Victor-Mella_A	1998
sensor_Victor-Mella_HmA	1998
sensor_Victor-Mella_A/90min	1998
sensor_Antony-De-Avila_GP	1997
sensor_Antony-De-Avila_GS	1997
sensor_Antony-De-Avila_A	1997
sensor_Antony-De-Avila_GWA	1997
sensor_Antony-De-Avila_HmA	1997
sensor_Antony-De-Avila_A/90min	1997
sensor_John-Maessner_GP	1997
sensor_John-Maessner_GS	1997
sensor_John-Maessner_A	1997
sensor_John-Maessner_HmA	1997
sensor_John-Maessner_RdA	1997
sensor_John-Maessner_A/90min	1997
sensor_John-Maessner_Club	1998
sensor_John-Maessner_GP	1998
sensor_John-Maessner_GS	1998
sensor_John-Maessner_A	1998
sensor_John-Maessner_GWA	1998
sensor_John-Maessner_HmA	1998
sensor_John-Maessner_RdA	1998
sensor_John-Maessner_A/90min	1998
sensor_John-Maessner_Club	1999
sensor_John-Maessner_GP	1999
sensor_John-Maessner_GS	1999
sensor_John-Maessner_A	1999
sensor_John-Maessner_GWA	1999
sensor_John-Maessner_HmA	1999
sensor_John-Maessner_RdA	1999
sensor_John-Maessner_A/90min	1999
sensor_John-Maessner_GS	2000
sensor_John-Maessner_A	2000
sensor_John-Maessner_HmA	2000
sensor_John-Maessner_RdA	2000
sensor_John-Maessner_A/90min	2000
sensor_John-Maessner_Club	2001
sensor_John-Maessner_HmA	2001
sensor_John-Maessner_RdA	2001
sensor_John-Maessner_A/90min	2001
sensor_Frankie-Hejduk_GP	1997
sensor_Frankie-Hejduk_GS	1997
sensor_Frankie-Hejduk_A	1997
sensor_Frankie-Hejduk_GWA	1997
sensor_Frankie-Hejduk_HmA	1997
sensor_Frankie-Hejduk_RdA	1997
sensor_Frankie-Hejduk_A/90min	1997
sensor_Frankie-Hejduk_GP	1998
sensor_Frankie-Hejduk_GS	1998
sensor_Frankie-Hejduk_A	1998
sensor_Frankie-Hejduk_GWA	1998
sensor_Frankie-Hejduk_HmA	1998
sensor_Frankie-Hejduk_RdA	1998
sensor_Frankie-Hejduk_A/90min	1998
sensor_Frankie-Hejduk_Club	2003
sensor_Frankie-Hejduk_GP	2003
sensor_Frankie-Hejduk_GS	2003
sensor_Frankie-Hejduk_A	2003
sensor_Frankie-Hejduk_GWA	2003
sensor_Frankie-Hejduk_HmA	2003
sensor_Frankie-Hejduk_RdA	2003
sensor_Frankie-Hejduk_A/90min	2003
sensor_Frankie-Hejduk_GP	2004
sensor_Frankie-Hejduk_GS	2004
sensor_Frankie-Hejduk_A	2004
sensor_Frankie-Hejduk_GWA	2004
sensor_Frankie-Hejduk_HmA	2004
sensor_Frankie-Hejduk_RdA	2004
sensor_Frankie-Hejduk_A/90min	2004
sensor_Frankie-Hejduk_GP	2005
sensor_Frankie-Hejduk_GS	2005
sensor_Frankie-Hejduk_GP	2006
sensor_Frankie-Hejduk_GS	2006
sensor_Frankie-Hejduk_GP	2007
sensor_Frankie-Hejduk_GS	2007
sensor_Frankie-Hejduk_A	2007
sensor_Frankie-Hejduk_GWA	2007
sensor_Frankie-Hejduk_HmA	2007
sensor_Frankie-Hejduk_RdA	2007
sensor_Frankie-Hejduk_A/90min	2007
sensor_Imad-Baba_GP	1997
sensor_Imad-Baba_GS	1997
sensor_Imad-Baba_A	1997
sensor_Imad-Baba_HmA	1997
sensor_Imad-Baba_RdA	1997
sensor_Imad-Baba_A/90min	1997
sensor_Imad-Baba_GP	1998
sensor_Imad-Baba_GS	1998
sensor_Imad-Baba_A	1998
sensor_Imad-Baba_HmA	1998
sensor_Imad-Baba_RdA	1998
sensor_Imad-Baba_A/90min	1998
sensor_Imad-Baba_GP	1999
sensor_Imad-Baba_GS	1999
sensor_Imad-Baba_A	1999
sensor_Imad-Baba_GWA	1999
sensor_Imad-Baba_HmA	1999
sensor_Imad-Baba_RdA	1999
sensor_Imad-Baba_A/90min	1999
sensor_Imad-Baba_GP	2000
sensor_Imad-Baba_GS	2000
sensor_Imad-Baba_A	2000
sensor_Imad-Baba_GWA	2000
sensor_Imad-Baba_HmA	2000
sensor_Imad-Baba_RdA	2000
sensor_Imad-Baba_A/90min	2000
sensor_Imad-Baba_Club	2001
sensor_Imad-Baba_GP	2001
sensor_Imad-Baba_GS	2001
sensor_Imad-Baba_A	2001
sensor_Imad-Baba_GWA	2001
sensor_Imad-Baba_HmA	2001
sensor_Imad-Baba_RdA	2001
sensor_Imad-Baba_A/90min	2001
sensor_Imad-Baba_GP	2002
sensor_Imad-Baba_GS	2002
sensor_Imad-Baba_A	2002
sensor_Imad-Baba_HmA	2002
sensor_Imad-Baba_RdA	2002
sensor_Imad-Baba_A/90min	2002
sensor_Jose-Vasquez_GP	1997
sensor_Jose-Vasquez_GS	1997
sensor_Jose-Vasquez_A	1997
sensor_Jose-Vasquez_GWA	1997
sensor_Jose-Vasquez_HmA	1997
sensor_Jose-Vasquez_RdA	1997
sensor_Jose-Vasquez_A/90min	1997
sensor_Jose-Vasquez_GP	1998
sensor_Jose-Vasquez_GP	1999
sensor_Jose-Vasquez_GS	1999
sensor_A.J.-Wood_Club	1997
sensor_A.J.-Wood_GP	1997
sensor_A.J.-Wood_GS	1997
sensor_A.J.-Wood_A	1997
sensor_A.J.-Wood_HmA	1997
sensor_A.J.-Wood_RdA	1997
sensor_A.J.-Wood_A/90min	1997
sensor_A.J.-Wood_Club	1998
sensor_A.J.-Wood_GP	1998
sensor_A.J.-Wood_GS	1998
sensor_A.J.-Wood_A	1998
sensor_A.J.-Wood_HmA	1998
sensor_A.J.-Wood_RdA	1998
sensor_A.J.-Wood_A/90min	1998
sensor_A.J.-Wood_GP	1999
sensor_A.J.-Wood_GS	1999
sensor_A.J.-Wood_A	1999
sensor_A.J.-Wood_HmA	1999
sensor_A.J.-Wood_RdA	1999
sensor_A.J.-Wood_A/90min	1999
sensor_A.J.-Wood_GS	2000
sensor_A.J.-Wood_A	2000
sensor_A.J.-Wood_HmA	2000
sensor_A.J.-Wood_A/90min	2000
sensor_A.J.-Wood_GP	2001
sensor_A.J.-Wood_GS	2001
sensor_A.J.-Wood_A	2001
sensor_A.J.-Wood_HmA	2001
sensor_A.J.-Wood_RdA	2001
sensor_A.J.-Wood_A/90min	2001
sensor_Brian-Maisonneuve_GP	1997
sensor_Brian-Maisonneuve_GS	1997
sensor_Brian-Maisonneuve_A	1997
sensor_Brian-Maisonneuve_GWA	1997
sensor_Brian-Maisonneuve_HmA	1997
sensor_Brian-Maisonneuve_RdA	1997
sensor_Brian-Maisonneuve_A/90min	1997
sensor_Brian-Maisonneuve_GP	1998
sensor_Brian-Maisonneuve_GS	1998
sensor_Brian-Maisonneuve_A	1998
sensor_Brian-Maisonneuve_GWA	1998
sensor_Brian-Maisonneuve_HmA	1998
sensor_Brian-Maisonneuve_RdA	1998
sensor_Brian-Maisonneuve_A/90min	1998
sensor_Brian-Maisonneuve_GP	1999
sensor_Brian-Maisonneuve_GS	1999
sensor_Brian-Maisonneuve_A	1999
sensor_Brian-Maisonneuve_GWA	1999
sensor_Brian-Maisonneuve_HmA	1999
sensor_Brian-Maisonneuve_RdA	1999
sensor_Brian-Maisonneuve_A/90min	1999
sensor_Brian-Maisonneuve_GP	2001
sensor_Brian-Maisonneuve_GS	2001
sensor_Brian-Maisonneuve_A	2001
sensor_Brian-Maisonneuve_HmA	2001
sensor_Brian-Maisonneuve_RdA	2001
sensor_Brian-Maisonneuve_A/90min	2001
sensor_Brian-Maisonneuve_GP	2002
sensor_Brian-Maisonneuve_GS	2002
sensor_Brian-Maisonneuve_A	2002
sensor_Brian-Maisonneuve_GWA	2002
sensor_Brian-Maisonneuve_HmA	2002
sensor_Brian-Maisonneuve_RdA	2002
sensor_Brian-Maisonneuve_A/90min	2002
sensor_Brian-Maisonneuve_GP	2003
sensor_Brian-Maisonneuve_GS	2003
sensor_Brian-Maisonneuve_A	2003
sensor_Brian-Maisonneuve_GWA	2003
sensor_Brian-Maisonneuve_HmA	2003
sensor_Brian-Maisonneuve_RdA	2003
sensor_Brian-Maisonneuve_A/90min	2003
sensor_Brian-Maisonneuve_GP	2004
sensor_Brian-Maisonneuve_GS	2004
sensor_Todd-Yeagley_GP	1997
sensor_Todd-Yeagley_GS	1997
sensor_Todd-Yeagley_A	1997
sensor_Todd-Yeagley_HmA	1997
sensor_Todd-Yeagley_A/90min	1997
sensor_Todd-Yeagley_A	1998
sensor_Todd-Yeagley_RdA	1998
sensor_Todd-Yeagley_A/90min	1998
sensor_Todd-Yeagley_GP	1999
sensor_Todd-Yeagley_GS	1999
sensor_Todd-Yeagley_A	1999
sensor_Todd-Yeagley_GWA	1999
sensor_Todd-Yeagley_HmA	1999
sensor_Todd-Yeagley_A/90min	1999
sensor_Todd-Yeagley_GP	2001
sensor_Todd-Yeagley_GS	2001
sensor_Todd-Yeagley_GWA	2001
sensor_Todd-Yeagley_HmA	2001
sensor_Todd-Yeagley_RdA	2001
sensor_Todd-Yeagley_A/90min	2001
sensor_Todd-Yeagley_GP	2002
sensor_Todd-Yeagley_GS	2002
sensor_Todd-Yeagley_A/90min	2002
sensor_Ricardo-Iribarren_GP	1998
sensor_Ricardo-Iribarren_GS	1998
sensor_Ricardo-Iribarren_GWA	1998
sensor_Ricardo-Iribarren_A/90min	1998
sensor_Ricardo-Iribarren_Club	2000
sensor_Ricardo-Iribarren_GP	2000
sensor_Ricardo-Iribarren_GS	2000
sensor_Ricardo-Iribarren_HmA	2000
sensor_Ricardo-Iribarren_RdA	2000
sensor_Ricardo-Iribarren_A/90min	2000
sensor_Marcelo-Carrera_GP	1997
sensor_Marcelo-Carrera_GS	1997
sensor_Marcelo-Carrera_HmA	1997
sensor_Marcelo-Carrera_RdA	1997
sensor_Marcelo-Carrera_A/90min	1997
sensor_Marcelo-Carrera_GP	1998
sensor_Marcelo-Carrera_GS	1998
sensor_Marcelo-Carrera_A	1998
sensor_Marcelo-Carrera_GWA	1998
sensor_Marcelo-Carrera_HmA	1998
sensor_Marcelo-Carrera_A/90min	1998
sensor_John-Kerr_Club	1997
sensor_John-Kerr_GS	1997
sensor_John-Kerr_A	1997
sensor_John-Kerr_GWA	1997
sensor_John-Kerr_RdA	1997
sensor_John-Kerr_A/90min	1997
sensor_John-Kerr_GP	1999
sensor_John-Kerr_GS	1999
sensor_John-Kerr_A	1999
sensor_John-Kerr_HmA	1999
sensor_John-Kerr_RdA	1999
sensor_John-Kerr_A/90min	1999
sensor_Goran-Hunjak_Club	1998
sensor_Goran-Hunjak_GP	1998
sensor_Goran-Hunjak_GS	1998
sensor_Goran-Hunjak_HmA	1998
sensor_Goran-Hunjak_RdA	1998
sensor_Goran-Hunjak_A/90min	1998
sensor_Marcelo-Balboa_GP	1997
sensor_Marcelo-Balboa_GS	1997
sensor_Marcelo-Balboa_A	1997
sensor_Marcelo-Balboa_GWA	1997
sensor_Marcelo-Balboa_HmA	1997
sensor_Marcelo-Balboa_A/90min	1997
sensor_Marcelo-Balboa_GP	1998
sensor_Marcelo-Balboa_GS	1998
sensor_Marcelo-Balboa_A	1998
sensor_Marcelo-Balboa_GWA	1998
sensor_Marcelo-Balboa_HmA	1998
sensor_Marcelo-Balboa_RdA	1998
sensor_Marcelo-Balboa_A/90min	1998
sensor_Marcelo-Balboa_GP	1999
sensor_Marcelo-Balboa_GS	1999
sensor_Marcelo-Balboa_A	1999
sensor_Marcelo-Balboa_HmA	1999
sensor_Marcelo-Balboa_RdA	1999
sensor_Marcelo-Balboa_A/90min	1999
sensor_Marcelo-Balboa_GP	2000
sensor_Marcelo-Balboa_GS	2000
sensor_Marcelo-Balboa_A	2000
sensor_Marcelo-Balboa_HmA	2000
sensor_Marcelo-Balboa_RdA	2000
sensor_Marcelo-Balboa_A/90min	2000
sensor_Marcelo-Balboa_GP	2001
sensor_Marcelo-Balboa_GS	2001
sensor_Marcelo-Balboa_A	2001
sensor_Marcelo-Balboa_GWA	2001
sensor_Marcelo-Balboa_HmA	2001
sensor_Marcelo-Balboa_RdA	2001
sensor_Marcelo-Balboa_A/90min	2001
sensor_Marcelo-Balboa_Club	2002
sensor_Marcelo-Balboa_GP	2002
sensor_Marcelo-Balboa_GS	2002
sensor_Marcelo-Balboa_A	2002
sensor_Marcelo-Balboa_HmA	2002
sensor_Marcelo-Balboa_RdA	2002
sensor_Marcelo-Balboa_A/90min	2002
sensor_Kevin-Wylie_GP	1997
sensor_Kevin-Wylie_GS	1997
sensor_Kevin-Wylie_A	1997
sensor_Kevin-Wylie_HmA	1997
sensor_Kevin-Wylie_RdA	1997
sensor_Kevin-Wylie_A/90min	1997
sensor_Paul-Caligiuri_Club	1997
sensor_Paul-Caligiuri_GP	1997
sensor_Paul-Caligiuri_GS	1997
sensor_Paul-Caligiuri_A/90min	1997
sensor_Paul-Caligiuri_GP	1998
sensor_Paul-Caligiuri_GS	1998
sensor_Paul-Caligiuri_A	1998
sensor_Paul-Caligiuri_GWA	1998
sensor_Paul-Caligiuri_RdA	1998
sensor_Paul-Caligiuri_A/90min	1998
sensor_Paul-Caligiuri_GP	1999
sensor_Paul-Caligiuri_GS	1999
sensor_Paul-Caligiuri_GWA	1999
sensor_Paul-Caligiuri_A/90min	1999
sensor_Paul-Caligiuri_GP	2000
sensor_Paul-Caligiuri_GS	2000
sensor_Paul-Caligiuri_A	2000
sensor_Paul-Caligiuri_GWA	2000
sensor_Paul-Caligiuri_HmA	2000
sensor_Paul-Caligiuri_RdA	2000
sensor_Paul-Caligiuri_A/90min	2000
sensor_Paul-Caligiuri_GP	2001
sensor_Paul-Caligiuri_GS	2001
sensor_Paul-Caligiuri_GWA	2001
sensor_Paul-Caligiuri_HmA	2001
sensor_Paul-Caligiuri_RdA	2001
sensor_Paul-Caligiuri_A/90min	2001
sensor_Doctor-Khumalo_GP	1997
sensor_Doctor-Khumalo_GS	1997
sensor_Doctor-Khumalo_A	1997
sensor_Doctor-Khumalo_HmA	1997
sensor_Doctor-Khumalo_RdA	1997
sensor_Doctor-Khumalo_A/90min	1997
sensor_Raul-Diaz-Arce_GP	1997
sensor_Raul-Diaz-Arce_GS	1997
sensor_Raul-Diaz-Arce_A	1997
sensor_Raul-Diaz-Arce_GWA	1997
sensor_Raul-Diaz-Arce_HmA	1997
sensor_Raul-Diaz-Arce_A/90min	1997
sensor_Raul-Diaz-Arce_Club	1998
sensor_Raul-Diaz-Arce_GP	1998
sensor_Raul-Diaz-Arce_GS	1998
sensor_Raul-Diaz-Arce_A	1998
sensor_Raul-Diaz-Arce_RdA	1998
sensor_Raul-Diaz-Arce_A/90min	1998
sensor_Raul-Diaz-Arce_Club	1999
sensor_Raul-Diaz-Arce_GP	1999
sensor_Raul-Diaz-Arce_GS	1999
sensor_Raul-Diaz-Arce_A	1999
sensor_Raul-Diaz-Arce_HmA	1999
sensor_Raul-Diaz-Arce_RdA	1999
sensor_Raul-Diaz-Arce_A/90min	1999
sensor_Raul-Diaz-Arce_Club	2000
sensor_Raul-Diaz-Arce_GP	2000
sensor_Raul-Diaz-Arce_GS	2000
sensor_Raul-Diaz-Arce_A	2000
sensor_Raul-Diaz-Arce_GWA	2000
sensor_Raul-Diaz-Arce_RdA	2000
sensor_Raul-Diaz-Arce_A/90min	2000
sensor_Raul-Diaz-Arce_Club	2001
sensor_Raul-Diaz-Arce_GP	2001
sensor_Raul-Diaz-Arce_GS	2001
sensor_Raul-Diaz-Arce_A	2001
sensor_Raul-Diaz-Arce_GWA	2001
sensor_Raul-Diaz-Arce_HmA	2001
sensor_Raul-Diaz-Arce_RdA	2001
sensor_Raul-Diaz-Arce_A/90min	2001
sensor_Mark-Semioli_GP	1997
sensor_Mark-Semioli_GS	1997
sensor_Mark-Semioli_A	1997
sensor_Mark-Semioli_HmA	1997
sensor_Mark-Semioli_A/90min	1997
sensor_Mark-Semioli_Club	1998
sensor_Mark-Semioli_GP	1998
sensor_Mark-Semioli_GS	1998
sensor_Mark-Semioli_A	1998
sensor_Mark-Semioli_RdA	1998
sensor_Mark-Semioli_A/90min	1998
sensor_Mark-Semioli_GP	1999
sensor_Mark-Semioli_GS	1999
sensor_Mark-Semioli_GP	2000
sensor_Mark-Semioli_GS	2000
sensor_Mark-Semioli_GP	2001
sensor_Mark-Semioli_GS	2001
sensor_Michael-Emenalo_GP	1997
sensor_Michael-Emenalo_GS	1997
sensor_Michael-Emenalo_GWA	1997
sensor_Michael-Emenalo_A/90min	1997
sensor_Mark-Santel_GP	1997
sensor_Mark-Santel_GS	1997
sensor_Mark-Santel_A	1997
sensor_Mark-Santel_GWA	1997
sensor_Mark-Santel_HmA	1997
sensor_Mark-Santel_RdA	1997
sensor_Mark-Santel_A/90min	1997
sensor_Mark-Santel_GP	1998
sensor_Mark-Santel_GS	1998
sensor_Mark-Santel_A	1998
sensor_Mark-Santel_GWA	1998
sensor_Mark-Santel_RdA	1998
sensor_Mark-Santel_GP	1999
sensor_Mark-Santel_GS	1999
sensor_Mark-Santel_A	1999
sensor_Mark-Santel_GWA	1999
sensor_Mark-Santel_RdA	1999
sensor_Mark-Santel_A/90min	1999
sensor_Mark-Santel_GP	2000
sensor_Mark-Santel_GS	2000
sensor_Mark-Santel_A	2000
sensor_Mark-Santel_HmA	2000
sensor_Mark-Santel_RdA	2000
sensor_Mark-Santel_A/90min	2000
sensor_Mark-Santel_Club	2001
sensor_Mark-Santel_GP	2001
sensor_Mark-Santel_GS	2001
sensor_Mark-Santel_A	2001
sensor_Mark-Santel_GWA	2001
sensor_Mark-Santel_HmA	2001
sensor_Mark-Santel_RdA	2001
sensor_Mark-Santel_A/90min	2001
sensor_Steve-Ralston_GP	1997
sensor_Steve-Ralston_GS	1997
sensor_Steve-Ralston_A	1997
sensor_Steve-Ralston_GWA	1997
sensor_Steve-Ralston_HmA	1997
sensor_Steve-Ralston_RdA	1997
sensor_Steve-Ralston_A/90min	1997
sensor_Steve-Ralston_GP	1998
sensor_Steve-Ralston_A	1998
sensor_Steve-Ralston_GWA	1998
sensor_Steve-Ralston_HmA	1998
sensor_Steve-Ralston_RdA	1998
sensor_Steve-Ralston_A/90min	1998
sensor_Steve-Ralston_GP	1999
sensor_Steve-Ralston_GS	1999
sensor_Steve-Ralston_A	1999
sensor_Steve-Ralston_GWA	1999
sensor_Steve-Ralston_HmA	1999
sensor_Steve-Ralston_RdA	1999
sensor_Steve-Ralston_A/90min	1999
sensor_Steve-Ralston_GP	2000
sensor_Steve-Ralston_GS	2000
sensor_Steve-Ralston_A	2000
sensor_Steve-Ralston_GWA	2000
sensor_Steve-Ralston_HmA	2000
sensor_Steve-Ralston_RdA	2000
sensor_Steve-Ralston_A/90min	2000
sensor_Steve-Ralston_GP	2001
sensor_Steve-Ralston_GS	2001
sensor_Steve-Ralston_A	2001
sensor_Steve-Ralston_GWA	2001
sensor_Steve-Ralston_HmA	2001
sensor_Steve-Ralston_RdA	2001
sensor_Steve-Ralston_A/90min	2001
sensor_Steve-Ralston_Club	2002
sensor_Steve-Ralston_GP	2002
sensor_Steve-Ralston_GS	2002
sensor_Steve-Ralston_A	2002
sensor_Steve-Ralston_GWA	2002
sensor_Steve-Ralston_HmA	2002
sensor_Steve-Ralston_RdA	2002
sensor_Steve-Ralston_A/90min	2002
sensor_Steve-Ralston_GP	2003
sensor_Steve-Ralston_GS	2003
sensor_Steve-Ralston_A	2003
sensor_Steve-Ralston_GWA	2003
sensor_Steve-Ralston_HmA	2003
sensor_Steve-Ralston_RdA	2003
sensor_Steve-Ralston_A/90min	2003
sensor_Steve-Ralston_GP	2004
sensor_Steve-Ralston_GS	2004
sensor_Steve-Ralston_A	2004
sensor_Steve-Ralston_HmA	2004
sensor_Steve-Ralston_RdA	2004
sensor_Steve-Ralston_GP	2005
sensor_Steve-Ralston_GS	2005
sensor_Steve-Ralston_A	2005
sensor_Steve-Ralston_HmA	2005
sensor_Steve-Ralston_RdA	2005
sensor_Steve-Ralston_A/90min	2005
sensor_Steve-Ralston_GP	2006
sensor_Steve-Ralston_GS	2006
sensor_Steve-Ralston_A	2006
sensor_Steve-Ralston_GWA	2006
sensor_Steve-Ralston_RdA	2006
sensor_Steve-Ralston_A/90min	2006
sensor_Steve-Ralston_GP	2007
sensor_Steve-Ralston_GS	2007
sensor_Steve-Ralston_A	2007
sensor_Steve-Ralston_GWA	2007
sensor_Steve-Ralston_HmA	2007
sensor_Steve-Ralston_RdA	2007
sensor_Steve-Ralston_A/90min	2007
sensor_Steve-Trittschuh_GP	1997
sensor_Steve-Trittschuh_GS	1997
sensor_Steve-Trittschuh_A	1997
sensor_Steve-Trittschuh_GWA	1997
sensor_Steve-Trittschuh_HmA	1997
sensor_Steve-Trittschuh_A/90min	1997
sensor_Steve-Trittschuh_GP	1998
sensor_Steve-Trittschuh_GS	1998
sensor_Steve-Trittschuh_GWA	1998
sensor_Steve-Trittschuh_HmA	1998
sensor_Steve-Trittschuh_RdA	1998
sensor_Steve-Trittschuh_A/90min	1998
sensor_Steve-Trittschuh_GP	1999
sensor_Steve-Trittschuh_GS	1999
sensor_Steve-Trittschuh_GWA	1999
sensor_Steve-Trittschuh_HmA	1999
sensor_Steve-Trittschuh_RdA	1999
sensor_Steve-Trittschuh_A/90min	1999
sensor_Steve-Trittschuh_Club	2000
sensor_Steve-Trittschuh_GP	2000
sensor_Steve-Trittschuh_GS	2000
sensor_Steve-Trittschuh_GWA	2000
sensor_Steve-Trittschuh_HmA	2000
sensor_Steve-Trittschuh_RdA	2000
sensor_Steve-Trittschuh_A/90min	2000
sensor_Steve-Trittschuh_GP	2001
sensor_Steve-Trittschuh_GS	2001
sensor_Steve-Trittschuh_A	2001
sensor_Steve-Trittschuh_HmA	2001
sensor_Steve-Trittschuh_RdA	2001
sensor_Steve-Trittschuh_A/90min	2001
sensor_Todd-Miller_GS	1997
sensor_Todd-Miller_A	1997
sensor_Todd-Miller_GWA	1997
sensor_Todd-Miller_HmA	1997
sensor_Todd-Miller_A/90min	1997
sensor_Petter-Villegas_GP	1999
sensor_Petter-Villegas_GS	1999
sensor_Petter-Villegas_A	1999
sensor_Petter-Villegas_HmA	1999
sensor_Petter-Villegas_RdA	1999
sensor_Petter-Villegas_A/90min	1999
sensor_Petter-Villegas_GP	2000
sensor_Petter-Villegas_GS	2000
sensor_Petter-Villegas_HmA	2000
sensor_Petter-Villegas_RdA	2000
sensor_Petter-Villegas_A/90min	2000
sensor_Petter-Villegas_GP	2001
sensor_Petter-Villegas_GS	2001
sensor_Petter-Villegas_A	2001
sensor_Petter-Villegas_GWA	2001
sensor_Petter-Villegas_HmA	2001
sensor_Petter-Villegas_RdA	2001
sensor_Petter-Villegas_A/90min	2001
sensor_Petter-Villegas_Club	2002
sensor_Petter-Villegas_GP	2002
sensor_Petter-Villegas_GS	2002
sensor_Petter-Villegas_A	2002
sensor_Petter-Villegas_GWA	2002
sensor_Petter-Villegas_HmA	2002
sensor_Petter-Villegas_RdA	2002
sensor_Petter-Villegas_A/90min	2002
